image_path,emotion
0.jpg,sad
1.jpg,neutral
10.jpg,neutral
100.jpg,uncertain
1000.jpg,happy
1001.jpg,neutral
1002.jpg,contempt
1003.jpg,sad
1004.jpg,neutral
1005.jpg,sad
1006.jpg,sad
1007.jpg,surprise
1008.jpg,neutral
1009.jpg,neutral
101.jpg,fear
1010.jpg,fear
1011.jpg,happy
1012.jpg,sad
1013.jpg,fear
1014.jpg,happy
1015.jpg,happy
1016.jpg,uncertain
1017.jpg,disgust
1018.jpg,sad
1019.jpg,surprise
102.jpg,happy
1020.jpg,surprise
1021.jpg,uncertain
1022.jpg,anger
1023.jpg,neutral
1024.jpg,fear
1025.jpg,fear
1026.jpg,uncertain
1027.jpg,neutral
1028.jpg,disgust
1029.jpg,uncertain
103.jpg,sad
1030.jpg,fear
1031.jpg,uncertain
1032.jpg,anger
1033.jpg,sad
1034.jpg,surprise
1035.jpg,uncertain
1036.jpg,anger
1037.jpg,fear
1038.jpg,fear
1039.jpg,contempt
104.jpg,happy
1040.jpg,anger
1041.jpg,happy
1042.jpg,anger
1043.jpg,fear
1044.jpg,anger
1045.jpg,sad
1046.jpg,anger
1047.jpg,neutral
1048.jpg,anger
1049.jpg,neutral
105.jpg,anger
1050.jpg,happy
1051.jpg,fear
1052.jpg,neutral
1053.jpg,neutral
1054.jpg,anger
1055.jpg,surprise
1056.jpg,contempt
1057.jpg,sad
1058.jpg,fear
1059.jpg,neutral
106.jpg,uncertain
1060.jpg,contempt
1061.jpg,neutral
1062.jpg,happy
1063.jpg,uncertain
1064.jpg,anger
1065.jpg,anger
1066.jpg,contempt
1067.jpg,neutral
1068.jpg,anger
1069.jpg,sad
107.jpg,sad
1070.jpg,contempt
1071.jpg,sad
1072.jpg,surprise
1073.jpg,sad
1074.jpg,sad
1075.jpg,happy
1076.jpg,disgust
1077.jpg,contempt
1078.jpg,surprise
1079.jpg,happy
108.jpg,anger
1080.jpg,anger
1081.jpg,surprise
1082.jpg,anger
1083.jpg,anger
1084.jpg,neutral
1085.jpg,surprise
1086.jpg,anger
1087.jpg,anger
1088.jpg,surprise
1089.jpg,contempt
109.jpg,disgust
1090.jpg,happy
1091.jpg,surprise
1092.jpg,anger
1093.jpg,neutral
1094.jpg,disgust
1095.jpg,anger
1096.jpg,uncertain
1097.jpg,happy
1098.jpg,anger
1099.jpg,sad
11.jpg,anger
110.jpg,anger
1100.jpg,neutral
1101.jpg,happy
1102.jpg,fear
1103.jpg,fear
1104.jpg,surprise
1105.jpg,sad
1106.jpg,surprise
1107.jpg,happy
1108.jpg,surprise
1109.jpg,anger
111.jpg,disgust
1110.jpg,happy
1111.jpg,anger
1112.jpg,anger
1113.jpg,anger
1114.jpg,sad
1115.jpg,sad
1116.jpg,contempt
1117.jpg,fear
1118.jpg,anger
1119.jpg,surprise
112.jpg,surprise
1120.jpg,fear
1121.jpg,sad
1122.jpg,surprise
1123.jpg,uncertain
1124.jpg,sad
1125.jpg,anger
1126.jpg,surprise
1127.jpg,neutral
1128.jpg,happy
1129.jpg,happy
113.jpg,neutral
1130.jpg,sad
1131.jpg,surprise
1132.jpg,fear
1133.jpg,fear
1134.jpg,surprise
1135.jpg,surprise
1136.jpg,uncertain
1137.jpg,contempt
1138.jpg,fear
1139.jpg,anger
114.jpg,happy
1140.jpg,sad
1141.jpg,fear
1142.jpg,disgust
1143.jpg,neutral
1144.jpg,sad
1145.jpg,neutral
1146.jpg,fear
1147.jpg,sad
1148.jpg,neutral
1149.jpg,fear
115.jpg,neutral
1150.jpg,sad
1151.jpg,neutral
1152.jpg,anger
1153.jpg,uncertain
1154.jpg,happy
1155.jpg,disgust
1156.jpg,anger
1157.jpg,uncertain
1158.jpg,surprise
1159.jpg,sad
116.jpg,contempt
1160.jpg,surprise
1161.jpg,sad
1162.jpg,fear
1163.jpg,surprise
1164.jpg,surprise
1165.jpg,uncertain
1166.jpg,happy
1167.jpg,fear
1168.jpg,contempt
1169.jpg,sad
117.jpg,happy
1170.jpg,happy
1171.jpg,uncertain
1172.jpg,happy
1173.jpg,neutral
1174.jpg,surprise
1175.jpg,anger
1176.jpg,fear
1177.jpg,fear
1178.jpg,happy
1179.jpg,surprise
118.jpg,anger
1180.jpg,surprise
1181.jpg,neutral
1182.jpg,neutral
1183.jpg,happy
1184.jpg,neutral
1185.jpg,neutral
1186.jpg,anger
1187.jpg,disgust
1188.jpg,surprise
1189.jpg,uncertain
119.jpg,happy
1190.jpg,anger
1191.jpg,anger
1192.jpg,fear
1193.jpg,uncertain
1194.jpg,uncertain
1195.jpg,sad
1196.jpg,disgust
1197.jpg,fear
1198.jpg,sad
1199.jpg,happy
12.jpg,contempt
120.jpg,sad
1200.jpg,disgust
1201.jpg,contempt
1202.jpg,sad
1203.jpg,contempt
1204.jpg,sad
1205.jpg,happy
1206.jpg,fear
1207.jpg,anger
1208.jpg,disgust
1209.jpg,neutral
121.jpg,anger
1210.jpg,sad
1211.jpg,fear
1212.jpg,uncertain
1213.jpg,uncertain
1214.jpg,uncertain
1215.jpg,surprise
1216.jpg,anger
1217.jpg,sad
1218.jpg,surprise
1219.jpg,sad
122.jpg,uncertain
1220.jpg,sad
1221.jpg,sad
1222.jpg,sad
1223.jpg,fear
1224.jpg,neutral
1225.jpg,happy
1226.jpg,sad
1227.jpg,sad
1228.jpg,sad
1229.jpg,anger
123.jpg,neutral
1230.jpg,anger
1231.jpg,happy
1232.jpg,fear
1233.jpg,fear
1234.jpg,anger
1235.jpg,anger
1236.jpg,anger
1237.jpg,sad
1238.jpg,happy
1239.jpg,anger
124.jpg,happy
1240.jpg,happy
1241.jpg,anger
1242.jpg,sad
1243.jpg,fear
1244.jpg,happy
1245.jpg,surprise
1246.jpg,sad
1247.jpg,neutral
1248.jpg,fear
1249.jpg,surprise
125.jpg,disgust
1250.jpg,neutral
1251.jpg,sad
1252.jpg,uncertain
1253.jpg,contempt
1254.jpg,fear
1255.jpg,anger
1256.jpg,surprise
1257.jpg,neutral
1258.jpg,surprise
1259.jpg,anger
126.jpg,neutral
1260.jpg,sad
1261.jpg,surprise
1262.jpg,happy
1263.jpg,disgust
1264.jpg,neutral
1265.jpg,happy
1266.jpg,sad
1267.jpg,happy
1268.jpg,uncertain
1269.jpg,anger
127.jpg,uncertain
1270.jpg,contempt
1271.jpg,sad
1272.jpg,disgust
1273.jpg,happy
1274.jpg,happy
1275.jpg,sad
1276.jpg,neutral
1277.jpg,surprise
1278.jpg,sad
1279.jpg,surprise
128.jpg,surprise
1280.jpg,neutral
1281.jpg,surprise
1282.jpg,uncertain
1283.jpg,surprise
1284.jpg,sad
1285.jpg,neutral
1286.jpg,fear
1287.jpg,neutral
1288.jpg,uncertain
1289.jpg,happy
129.jpg,sad
1290.jpg,neutral
1291.jpg,sad
1292.jpg,uncertain
1293.jpg,surprise
1294.jpg,surprise
1295.jpg,uncertain
1296.jpg,anger
1297.jpg,surprise
1298.jpg,neutral
1299.jpg,contempt
13.jpg,happy
130.jpg,sad
1300.jpg,anger
1301.jpg,surprise
1302.jpg,anger
1303.jpg,uncertain
1304.jpg,fear
1305.jpg,surprise
1306.jpg,surprise
1307.jpg,neutral
1308.jpg,contempt
1309.jpg,contempt
131.jpg,sad
1310.jpg,surprise
1311.jpg,sad
1312.jpg,sad
1313.jpg,disgust
1314.jpg,contempt
1315.jpg,uncertain
1316.jpg,sad
1317.jpg,neutral
1318.jpg,neutral
1319.jpg,neutral
132.jpg,happy
1320.jpg,neutral
1321.jpg,uncertain
1322.jpg,uncertain
1323.jpg,neutral
1324.jpg,contempt
1325.jpg,surprise
1326.jpg,anger
1327.jpg,disgust
1328.jpg,surprise
1329.jpg,uncertain
133.jpg,sad
1330.jpg,contempt
1331.jpg,sad
1332.jpg,neutral
1333.jpg,happy
1334.jpg,anger
1335.jpg,neutral
1336.jpg,disgust
1337.jpg,surprise
1338.jpg,neutral
1339.jpg,sad
134.jpg,fear
1340.jpg,fear
1341.jpg,happy
1342.jpg,uncertain
1343.jpg,anger
1344.jpg,sad
1345.jpg,surprise
1346.jpg,happy
1347.jpg,disgust
1348.jpg,contempt
1349.jpg,happy
135.jpg,surprise
1350.jpg,surprise
1351.jpg,sad
1352.jpg,sad
1353.jpg,surprise
1354.jpg,sad
1355.jpg,surprise
1356.jpg,disgust
1357.jpg,happy
1358.jpg,anger
1359.jpg,disgust
136.jpg,happy
1360.jpg,sad
1361.jpg,neutral
1362.jpg,uncertain
1363.jpg,anger
1364.jpg,fear
1365.jpg,sad
1366.jpg,anger
1367.jpg,surprise
1368.jpg,anger
1369.jpg,disgust
137.jpg,sad
1370.jpg,anger
1371.jpg,anger
1372.jpg,contempt
1373.jpg,uncertain
1374.jpg,anger
1375.jpg,happy
1376.jpg,uncertain
1377.jpg,uncertain
1378.jpg,surprise
1379.jpg,fear
138.jpg,uncertain
1380.jpg,fear
1381.jpg,sad
1382.jpg,happy
1383.jpg,surprise
1384.jpg,neutral
1385.jpg,happy
1386.jpg,happy
1387.jpg,uncertain
1388.jpg,fear
1389.jpg,fear
139.jpg,anger
1390.jpg,fear
1391.jpg,anger
1392.jpg,uncertain
1393.jpg,sad
1394.jpg,neutral
1395.jpg,anger
1396.jpg,fear
1397.jpg,uncertain
1398.jpg,fear
1399.jpg,happy
14.jpg,neutral
140.jpg,surprise
1400.jpg,happy
1401.jpg,uncertain
1402.jpg,fear
1403.jpg,anger
1404.jpg,sad
1405.jpg,surprise
1406.jpg,surprise
1407.jpg,sad
1408.jpg,disgust
1409.jpg,surprise
141.jpg,surprise
1410.jpg,sad
1411.jpg,sad
1412.jpg,sad
1413.jpg,surprise
1414.jpg,happy
1415.jpg,disgust
1416.jpg,surprise
1417.jpg,sad
1418.jpg,sad
1419.jpg,sad
142.jpg,uncertain
1420.jpg,contempt
1421.jpg,sad
1422.jpg,anger
1423.jpg,happy
1424.jpg,neutral
1425.jpg,anger
1426.jpg,neutral
1427.jpg,sad
1428.jpg,surprise
1429.jpg,neutral
143.jpg,surprise
1430.jpg,contempt
1431.jpg,sad
1432.jpg,happy
1433.jpg,anger
1434.jpg,neutral
1435.jpg,disgust
1436.jpg,happy
1437.jpg,fear
1438.jpg,disgust
1439.jpg,happy
144.jpg,fear
1440.jpg,fear
1441.jpg,sad
1442.jpg,fear
1443.jpg,uncertain
1444.jpg,happy
1445.jpg,uncertain
1446.jpg,neutral
1447.jpg,neutral
1448.jpg,disgust
1449.jpg,anger
145.jpg,sad
1450.jpg,fear
1451.jpg,sad
1452.jpg,fear
1453.jpg,fear
1454.jpg,uncertain
1455.jpg,anger
1456.jpg,sad
1457.jpg,contempt
1458.jpg,surprise
1459.jpg,happy
146.jpg,neutral
1460.jpg,neutral
1461.jpg,happy
1462.jpg,surprise
1463.jpg,happy
1464.jpg,anger
1465.jpg,uncertain
1466.jpg,happy
1467.jpg,surprise
1468.jpg,anger
1469.jpg,contempt
147.jpg,anger
1470.jpg,uncertain
1471.jpg,surprise
1472.jpg,surprise
1473.jpg,fear
1474.jpg,sad
1475.jpg,anger
1476.jpg,anger
1477.jpg,happy
1478.jpg,surprise
1479.jpg,surprise
148.jpg,neutral
1480.jpg,anger
1481.jpg,uncertain
1482.jpg,uncertain
1483.jpg,uncertain
1484.jpg,anger
1485.jpg,contempt
1486.jpg,sad
1487.jpg,uncertain
1488.jpg,neutral
1489.jpg,anger
149.jpg,uncertain
1490.jpg,sad
1491.jpg,uncertain
1492.jpg,fear
1493.jpg,neutral
1494.jpg,fear
1495.jpg,anger
1496.jpg,fear
1497.jpg,happy
1498.jpg,happy
1499.jpg,happy
15.jpg,neutral
150.jpg,surprise
1500.jpg,happy
1501.jpg,happy
1502.jpg,happy
1503.jpg,anger
1504.jpg,contempt
1505.jpg,disgust
1506.jpg,contempt
1507.jpg,fear
1508.jpg,fear
1509.jpg,sad
151.jpg,uncertain
1510.jpg,fear
1511.jpg,anger
1512.jpg,anger
1513.jpg,surprise
1514.jpg,sad
1515.jpg,surprise
1516.jpg,anger
1517.jpg,disgust
1518.jpg,happy
1519.jpg,neutral
152.jpg,fear
1520.jpg,surprise
1521.jpg,uncertain
1522.jpg,anger
1523.jpg,uncertain
1524.jpg,surprise
1525.jpg,uncertain
1526.jpg,uncertain
1527.jpg,sad
1528.jpg,neutral
1529.jpg,surprise
153.jpg,sad
1530.jpg,happy
1531.jpg,surprise
1532.jpg,disgust
1533.jpg,happy
1534.jpg,contempt
1535.jpg,sad
1536.jpg,happy
1537.jpg,anger
1538.jpg,anger
1539.jpg,anger
154.jpg,happy
1540.jpg,sad
1541.jpg,anger
1542.jpg,fear
1543.jpg,happy
1544.jpg,neutral
1545.jpg,surprise
1546.jpg,anger
1547.jpg,uncertain
1548.jpg,disgust
1549.jpg,neutral
155.jpg,anger
1550.jpg,neutral
1551.jpg,neutral
1552.jpg,surprise
1553.jpg,anger
1554.jpg,surprise
1555.jpg,disgust
1556.jpg,surprise
1557.jpg,sad
1558.jpg,happy
1559.jpg,uncertain
156.jpg,sad
1560.jpg,sad
1561.jpg,anger
1562.jpg,neutral
1563.jpg,happy
1564.jpg,sad
1565.jpg,happy
1566.jpg,happy
1567.jpg,fear
1568.jpg,disgust
1569.jpg,happy
157.jpg,sad
1570.jpg,uncertain
1571.jpg,surprise
1572.jpg,sad
1573.jpg,neutral
1574.jpg,anger
1575.jpg,sad
1576.jpg,surprise
1577.jpg,anger
1578.jpg,happy
1579.jpg,sad
158.jpg,sad
1580.jpg,uncertain
1581.jpg,surprise
1582.jpg,surprise
1583.jpg,surprise
1584.jpg,sad
1585.jpg,fear
1586.jpg,anger
1587.jpg,neutral
1588.jpg,surprise
1589.jpg,surprise
159.jpg,anger
1590.jpg,disgust
1591.jpg,neutral
1592.jpg,fear
1593.jpg,surprise
1594.jpg,surprise
1595.jpg,surprise
1596.jpg,happy
1597.jpg,contempt
1598.jpg,happy
1599.jpg,uncertain
16.jpg,sad
160.jpg,happy
1600.jpg,surprise
1601.jpg,neutral
1602.jpg,neutral
1603.jpg,anger
1604.jpg,fear
1605.jpg,anger
1606.jpg,anger
1607.jpg,uncertain
1608.jpg,sad
1609.jpg,happy
161.jpg,anger
1610.jpg,anger
1611.jpg,surprise
1612.jpg,disgust
1613.jpg,happy
1614.jpg,neutral
1615.jpg,happy
1616.jpg,sad
1617.jpg,fear
1618.jpg,anger
1619.jpg,sad
162.jpg,contempt
1620.jpg,sad
1621.jpg,anger
1622.jpg,happy
1623.jpg,neutral
1624.jpg,neutral
1625.jpg,neutral
1626.jpg,anger
1627.jpg,neutral
1628.jpg,sad
1629.jpg,neutral
163.jpg,disgust
1630.jpg,neutral
1631.jpg,neutral
1632.jpg,neutral
1633.jpg,uncertain
1634.jpg,sad
1635.jpg,neutral
1636.jpg,sad
1637.jpg,surprise
1638.jpg,anger
1639.jpg,anger
164.jpg,anger
1640.jpg,uncertain
1641.jpg,uncertain
1642.jpg,contempt
1643.jpg,happy
1644.jpg,sad
1645.jpg,contempt
1646.jpg,happy
1647.jpg,surprise
1648.jpg,surprise
1649.jpg,neutral
165.jpg,sad
1650.jpg,fear
1651.jpg,contempt
1652.jpg,anger
1653.jpg,anger
1654.jpg,sad
1655.jpg,fear
1656.jpg,neutral
1657.jpg,uncertain
1658.jpg,uncertain
1659.jpg,sad
166.jpg,disgust
1660.jpg,surprise
1661.jpg,contempt
1662.jpg,fear
1663.jpg,happy
1664.jpg,neutral
1665.jpg,happy
1666.jpg,happy
1667.jpg,neutral
1668.jpg,sad
1669.jpg,neutral
167.jpg,fear
1670.jpg,fear
1671.jpg,happy
1672.jpg,sad
1673.jpg,surprise
1674.jpg,happy
1675.jpg,sad
1676.jpg,fear
1677.jpg,surprise
1678.jpg,happy
1679.jpg,surprise
168.jpg,neutral
1680.jpg,uncertain
1681.jpg,anger
1682.jpg,disgust
1683.jpg,happy
1684.jpg,sad
1685.jpg,anger
1686.jpg,anger
1687.jpg,disgust
1688.jpg,anger
1689.jpg,fear
169.jpg,happy
1690.jpg,contempt
1691.jpg,surprise
1692.jpg,happy
1693.jpg,uncertain
1694.jpg,sad
1695.jpg,surprise
1696.jpg,happy
1697.jpg,sad
1698.jpg,anger
1699.jpg,contempt
17.jpg,sad
170.jpg,neutral
1700.jpg,happy
1701.jpg,sad
1702.jpg,contempt
1703.jpg,sad
1704.jpg,sad
1705.jpg,disgust
1706.jpg,disgust
1707.jpg,sad
1708.jpg,sad
1709.jpg,surprise
171.jpg,surprise
1710.jpg,disgust
1711.jpg,neutral
1712.jpg,neutral
1713.jpg,sad
1714.jpg,happy
1715.jpg,anger
1716.jpg,happy
1717.jpg,surprise
1718.jpg,contempt
1719.jpg,surprise
172.jpg,neutral
1720.jpg,neutral
1721.jpg,uncertain
1722.jpg,anger
1723.jpg,uncertain
1724.jpg,happy
1725.jpg,fear
1726.jpg,disgust
1727.jpg,surprise
1728.jpg,anger
1729.jpg,uncertain
173.jpg,anger
1730.jpg,neutral
1731.jpg,surprise
1732.jpg,surprise
1733.jpg,surprise
1734.jpg,neutral
1735.jpg,sad
1736.jpg,fear
1737.jpg,sad
1738.jpg,fear
1739.jpg,fear
174.jpg,anger
1740.jpg,uncertain
1741.jpg,surprise
1742.jpg,anger
1743.jpg,sad
1744.jpg,fear
1745.jpg,anger
1746.jpg,sad
1747.jpg,happy
1748.jpg,surprise
1749.jpg,disgust
175.jpg,sad
1750.jpg,surprise
1751.jpg,uncertain
1752.jpg,anger
1753.jpg,surprise
1754.jpg,sad
1755.jpg,happy
1756.jpg,anger
1757.jpg,uncertain
1758.jpg,anger
1759.jpg,neutral
176.jpg,surprise
1760.jpg,contempt
1761.jpg,happy
1762.jpg,sad
1763.jpg,happy
1764.jpg,surprise
1765.jpg,surprise
1766.jpg,fear
1767.jpg,surprise
1768.jpg,surprise
1769.jpg,happy
177.jpg,contempt
1770.jpg,fear
1771.jpg,sad
1772.jpg,surprise
1773.jpg,anger
1774.jpg,fear
1775.jpg,happy
1776.jpg,disgust
1777.jpg,uncertain
1778.jpg,surprise
1779.jpg,neutral
178.jpg,disgust
1780.jpg,uncertain
1781.jpg,neutral
1782.jpg,fear
1783.jpg,neutral
1784.jpg,happy
1785.jpg,disgust
1786.jpg,fear
1787.jpg,neutral
1788.jpg,sad
1789.jpg,happy
179.jpg,fear
1790.jpg,sad
1791.jpg,disgust
1792.jpg,neutral
1793.jpg,surprise
1794.jpg,happy
1795.jpg,happy
1796.jpg,anger
1797.jpg,anger
1798.jpg,sad
1799.jpg,happy
18.jpg,fear
180.jpg,surprise
1800.jpg,disgust
1801.jpg,neutral
1802.jpg,uncertain
1803.jpg,sad
1804.jpg,uncertain
1805.jpg,anger
1806.jpg,disgust
1807.jpg,happy
1808.jpg,anger
1809.jpg,sad
181.jpg,surprise
1810.jpg,fear
1811.jpg,happy
1812.jpg,disgust
1813.jpg,fear
1814.jpg,disgust
1815.jpg,happy
1816.jpg,uncertain
1817.jpg,sad
1818.jpg,happy
1819.jpg,sad
182.jpg,happy
1820.jpg,neutral
1821.jpg,sad
1822.jpg,surprise
1823.jpg,anger
1824.jpg,disgust
1825.jpg,disgust
1826.jpg,sad
1827.jpg,contempt
1828.jpg,uncertain
1829.jpg,anger
183.jpg,anger
1830.jpg,neutral
1831.jpg,surprise
1832.jpg,uncertain
1833.jpg,sad
1834.jpg,happy
1835.jpg,surprise
1836.jpg,happy
1837.jpg,fear
1838.jpg,happy
1839.jpg,surprise
184.jpg,happy
1840.jpg,neutral
1841.jpg,anger
1842.jpg,surprise
1843.jpg,fear
1844.jpg,happy
1845.jpg,surprise
1846.jpg,surprise
1847.jpg,surprise
1848.jpg,happy
1849.jpg,sad
185.jpg,uncertain
1850.jpg,surprise
1851.jpg,anger
1852.jpg,sad
1853.jpg,neutral
1854.jpg,sad
1855.jpg,sad
1856.jpg,anger
1857.jpg,sad
1858.jpg,happy
1859.jpg,fear
186.jpg,sad
1860.jpg,happy
1861.jpg,uncertain
1862.jpg,uncertain
1863.jpg,sad
1864.jpg,fear
1865.jpg,sad
1866.jpg,happy
1867.jpg,anger
1868.jpg,surprise
1869.jpg,sad
187.jpg,sad
1870.jpg,uncertain
1871.jpg,happy
1872.jpg,sad
1873.jpg,sad
1874.jpg,anger
1875.jpg,surprise
1876.jpg,neutral
1877.jpg,uncertain
1878.jpg,sad
1879.jpg,fear
188.jpg,anger
1880.jpg,sad
1881.jpg,fear
1882.jpg,sad
1883.jpg,fear
1884.jpg,fear
1885.jpg,fear
1886.jpg,surprise
1887.jpg,surprise
1888.jpg,anger
1889.jpg,happy
189.jpg,happy
1890.jpg,happy
1891.jpg,disgust
1892.jpg,surprise
1893.jpg,happy
1894.jpg,anger
1895.jpg,happy
1896.jpg,neutral
1897.jpg,neutral
1898.jpg,neutral
1899.jpg,sad
19.jpg,sad
190.jpg,anger
1900.jpg,surprise
1901.jpg,happy
1902.jpg,sad
1903.jpg,uncertain
1904.jpg,fear
1905.jpg,surprise
1906.jpg,anger
1907.jpg,neutral
1908.jpg,neutral
1909.jpg,uncertain
191.jpg,sad
1910.jpg,sad
1911.jpg,happy
1912.jpg,surprise
1913.jpg,fear
1914.jpg,surprise
1915.jpg,happy
1916.jpg,contempt
1917.jpg,sad
1918.jpg,anger
1919.jpg,anger
192.jpg,uncertain
1920.jpg,sad
1921.jpg,contempt
1922.jpg,neutral
1923.jpg,uncertain
1924.jpg,neutral
1925.jpg,contempt
1926.jpg,anger
1927.jpg,happy
1928.jpg,anger
1929.jpg,uncertain
193.jpg,surprise
1930.jpg,sad
1931.jpg,surprise
1932.jpg,neutral
1933.jpg,uncertain
1934.jpg,neutral
1935.jpg,sad
1936.jpg,contempt
1937.jpg,neutral
1938.jpg,sad
1939.jpg,anger
194.jpg,sad
1940.jpg,uncertain
1941.jpg,fear
1942.jpg,surprise
1943.jpg,sad
1944.jpg,anger
1945.jpg,surprise
1946.jpg,neutral
1947.jpg,happy
1948.jpg,uncertain
1949.jpg,neutral
195.jpg,happy
1950.jpg,contempt
1951.jpg,happy
1952.jpg,fear
1953.jpg,sad
1954.jpg,fear
1955.jpg,sad
1956.jpg,disgust
1957.jpg,surprise
1958.jpg,surprise
1959.jpg,surprise
196.jpg,contempt
1960.jpg,surprise
1961.jpg,anger
1962.jpg,fear
1963.jpg,neutral
1964.jpg,fear
1965.jpg,sad
1966.jpg,anger
1967.jpg,happy
1968.jpg,sad
1969.jpg,surprise
197.jpg,neutral
1970.jpg,sad
1971.jpg,surprise
1972.jpg,uncertain
1973.jpg,fear
1974.jpg,contempt
1975.jpg,anger
1976.jpg,disgust
1977.jpg,surprise
1978.jpg,uncertain
1979.jpg,surprise
198.jpg,neutral
1980.jpg,surprise
1981.jpg,happy
1982.jpg,happy
1983.jpg,surprise
1984.jpg,contempt
1985.jpg,anger
1986.jpg,neutral
1987.jpg,anger
1988.jpg,anger
1989.jpg,sad
199.jpg,surprise
1990.jpg,sad
1991.jpg,surprise
1992.jpg,neutral
1993.jpg,fear
1994.jpg,anger
1995.jpg,anger
1996.jpg,sad
1997.jpg,sad
1998.jpg,anger
1999.jpg,surprise
2.jpg,sad
20.jpg,happy
200.jpg,surprise
2000.jpg,fear
2001.jpg,disgust
2002.jpg,anger
2003.jpg,happy
2004.jpg,anger
2005.jpg,uncertain
2006.jpg,neutral
2007.jpg,sad
2008.jpg,happy
2009.jpg,sad
201.jpg,sad
2010.jpg,anger
2011.jpg,uncertain
2012.jpg,happy
2013.jpg,sad
2014.jpg,uncertain
2015.jpg,anger
2016.jpg,anger
2017.jpg,neutral
2018.jpg,neutral
2019.jpg,anger
202.jpg,neutral
2020.jpg,sad
2021.jpg,surprise
2022.jpg,neutral
2023.jpg,fear
2024.jpg,anger
2025.jpg,neutral
2026.jpg,surprise
2027.jpg,anger
2028.jpg,disgust
2029.jpg,surprise
203.jpg,sad
2030.jpg,sad
2031.jpg,sad
2032.jpg,surprise
2033.jpg,sad
2034.jpg,neutral
2035.jpg,anger
2036.jpg,uncertain
2037.jpg,fear
2038.jpg,sad
2039.jpg,fear
204.jpg,disgust
2040.jpg,surprise
2041.jpg,surprise
2042.jpg,happy
2043.jpg,fear
2044.jpg,neutral
2045.jpg,happy
2046.jpg,anger
2047.jpg,happy
2048.jpg,anger
2049.jpg,sad
205.jpg,happy
2050.jpg,sad
2051.jpg,contempt
2052.jpg,disgust
2053.jpg,anger
2054.jpg,sad
2055.jpg,neutral
2056.jpg,uncertain
2057.jpg,surprise
2058.jpg,sad
2059.jpg,disgust
206.jpg,contempt
2060.jpg,uncertain
2061.jpg,neutral
2062.jpg,surprise
2063.jpg,anger
2064.jpg,sad
2065.jpg,fear
2066.jpg,happy
2067.jpg,happy
2068.jpg,sad
2069.jpg,anger
207.jpg,sad
2070.jpg,disgust
2071.jpg,neutral
2072.jpg,neutral
2073.jpg,sad
2074.jpg,happy
2075.jpg,anger
2076.jpg,surprise
2077.jpg,happy
2078.jpg,uncertain
2079.jpg,anger
208.jpg,surprise
2080.jpg,sad
2081.jpg,fear
2082.jpg,sad
2083.jpg,happy
2084.jpg,sad
2085.jpg,neutral
2086.jpg,sad
2087.jpg,sad
2088.jpg,fear
2089.jpg,disgust
209.jpg,neutral
2090.jpg,uncertain
2091.jpg,fear
2092.jpg,sad
2093.jpg,anger
2094.jpg,fear
2095.jpg,happy
2096.jpg,contempt
2097.jpg,surprise
2098.jpg,anger
2099.jpg,happy
21.jpg,neutral
210.jpg,anger
2100.jpg,sad
2101.jpg,surprise
2102.jpg,surprise
2103.jpg,fear
2104.jpg,neutral
2105.jpg,uncertain
2106.jpg,fear
2107.jpg,surprise
2108.jpg,neutral
2109.jpg,fear
211.jpg,contempt
2110.jpg,uncertain
2111.jpg,happy
2112.jpg,disgust
2113.jpg,happy
2114.jpg,disgust
2115.jpg,uncertain
2116.jpg,surprise
2117.jpg,contempt
2118.jpg,anger
2119.jpg,neutral
212.jpg,sad
2120.jpg,uncertain
2121.jpg,surprise
2122.jpg,sad
2123.jpg,neutral
2124.jpg,sad
2125.jpg,contempt
2126.jpg,neutral
2127.jpg,anger
2128.jpg,fear
2129.jpg,uncertain
213.jpg,sad
2130.jpg,uncertain
2131.jpg,uncertain
2132.jpg,uncertain
2133.jpg,happy
2134.jpg,sad
2135.jpg,neutral
2136.jpg,happy
2137.jpg,uncertain
2138.jpg,uncertain
2139.jpg,neutral
214.jpg,surprise
2140.jpg,sad
2141.jpg,sad
2142.jpg,neutral
2143.jpg,sad
2144.jpg,fear
2145.jpg,fear
2146.jpg,surprise
2147.jpg,uncertain
2148.jpg,surprise
2149.jpg,anger
215.jpg,neutral
2150.jpg,surprise
2151.jpg,neutral
2152.jpg,anger
2153.jpg,sad
2154.jpg,fear
2155.jpg,fear
2156.jpg,anger
2157.jpg,neutral
2158.jpg,neutral
2159.jpg,neutral
216.jpg,uncertain
2160.jpg,neutral
2161.jpg,sad
2162.jpg,happy
2163.jpg,neutral
2164.jpg,disgust
2165.jpg,uncertain
2166.jpg,sad
2167.jpg,surprise
2168.jpg,uncertain
2169.jpg,contempt
217.jpg,neutral
2170.jpg,sad
2171.jpg,contempt
2172.jpg,anger
2173.jpg,happy
2174.jpg,fear
2175.jpg,happy
2176.jpg,fear
2177.jpg,neutral
2178.jpg,anger
2179.jpg,disgust
218.jpg,sad
2180.jpg,uncertain
2181.jpg,disgust
2182.jpg,anger
2183.jpg,happy
2184.jpg,anger
2185.jpg,surprise
2186.jpg,anger
2187.jpg,neutral
2188.jpg,sad
2189.jpg,uncertain
219.jpg,neutral
2190.jpg,disgust
2191.jpg,sad
2192.jpg,fear
2193.jpg,happy
2194.jpg,surprise
2195.jpg,contempt
2196.jpg,uncertain
2197.jpg,neutral
2198.jpg,sad
2199.jpg,uncertain
22.jpg,anger
220.jpg,fear
2200.jpg,disgust
2201.jpg,fear
2202.jpg,sad
2203.jpg,anger
2204.jpg,neutral
2205.jpg,fear
2206.jpg,neutral
2207.jpg,sad
2208.jpg,sad
2209.jpg,sad
221.jpg,surprise
2210.jpg,uncertain
2211.jpg,sad
2212.jpg,uncertain
2213.jpg,neutral
2214.jpg,neutral
2215.jpg,surprise
2216.jpg,surprise
2217.jpg,surprise
2218.jpg,fear
2219.jpg,anger
222.jpg,neutral
2220.jpg,anger
2221.jpg,neutral
2222.jpg,sad
2223.jpg,sad
2224.jpg,anger
2225.jpg,anger
2226.jpg,anger
2227.jpg,happy
2228.jpg,uncertain
2229.jpg,anger
223.jpg,sad
2230.jpg,happy
2231.jpg,fear
2232.jpg,anger
2233.jpg,happy
2234.jpg,surprise
2235.jpg,contempt
2236.jpg,surprise
2237.jpg,anger
2238.jpg,sad
2239.jpg,happy
224.jpg,fear
2240.jpg,neutral
2241.jpg,neutral
2242.jpg,anger
2243.jpg,happy
2244.jpg,sad
2245.jpg,neutral
2246.jpg,sad
2247.jpg,uncertain
2248.jpg,happy
2249.jpg,surprise
225.jpg,sad
2250.jpg,neutral
2251.jpg,sad
2252.jpg,contempt
2253.jpg,happy
2254.jpg,anger
2255.jpg,happy
2256.jpg,neutral
2257.jpg,disgust
2258.jpg,sad
2259.jpg,surprise
226.jpg,neutral
2260.jpg,anger
2261.jpg,happy
2262.jpg,uncertain
2263.jpg,contempt
2264.jpg,happy
2265.jpg,sad
2266.jpg,surprise
2267.jpg,anger
2268.jpg,happy
2269.jpg,neutral
227.jpg,neutral
2270.jpg,fear
2271.jpg,happy
2272.jpg,neutral
2273.jpg,fear
2274.jpg,anger
2275.jpg,uncertain
2276.jpg,anger
2277.jpg,surprise
2278.jpg,disgust
2279.jpg,happy
228.jpg,anger
2280.jpg,sad
2281.jpg,disgust
2282.jpg,disgust
2283.jpg,neutral
2284.jpg,fear
2285.jpg,contempt
2286.jpg,sad
2287.jpg,anger
2288.jpg,sad
2289.jpg,happy
229.jpg,uncertain
2290.jpg,anger
2291.jpg,sad
2292.jpg,uncertain
2293.jpg,surprise
2294.jpg,sad
2295.jpg,surprise
2296.jpg,surprise
2297.jpg,neutral
2298.jpg,neutral
2299.jpg,surprise
23.jpg,anger
230.jpg,surprise
2300.jpg,surprise
2301.jpg,happy
2302.jpg,surprise
2303.jpg,surprise
2304.jpg,fear
2305.jpg,happy
2306.jpg,anger
2307.jpg,surprise
2308.jpg,anger
2309.jpg,surprise
231.jpg,sad
2310.jpg,uncertain
2311.jpg,neutral
2312.jpg,happy
2313.jpg,uncertain
2314.jpg,surprise
2315.jpg,fear
2316.jpg,uncertain
2317.jpg,contempt
2318.jpg,anger
2319.jpg,uncertain
232.jpg,anger
2320.jpg,happy
2321.jpg,happy
2322.jpg,happy
2323.jpg,neutral
2324.jpg,sad
2325.jpg,sad
2326.jpg,uncertain
2327.jpg,happy
2328.jpg,surprise
2329.jpg,sad
233.jpg,uncertain
2330.jpg,uncertain
2331.jpg,uncertain
2332.jpg,contempt
2333.jpg,uncertain
2334.jpg,happy
2335.jpg,sad
2336.jpg,neutral
2337.jpg,sad
2338.jpg,fear
2339.jpg,surprise
234.jpg,neutral
2340.jpg,neutral
2341.jpg,neutral
2342.jpg,disgust
2343.jpg,fear
2344.jpg,neutral
2345.jpg,anger
2346.jpg,neutral
2347.jpg,anger
2348.jpg,happy
2349.jpg,surprise
235.jpg,sad
2350.jpg,happy
2351.jpg,neutral
2352.jpg,disgust
2353.jpg,anger
2354.jpg,surprise
2355.jpg,sad
2356.jpg,surprise
2357.jpg,sad
2358.jpg,neutral
2359.jpg,neutral
236.jpg,anger
2360.jpg,anger
2361.jpg,anger
2362.jpg,happy
2363.jpg,sad
2364.jpg,contempt
2365.jpg,contempt
2366.jpg,disgust
2367.jpg,surprise
2368.jpg,uncertain
2369.jpg,disgust
237.jpg,anger
2370.jpg,disgust
2371.jpg,disgust
2372.jpg,surprise
2373.jpg,anger
2374.jpg,happy
2375.jpg,anger
2376.jpg,anger
2377.jpg,neutral
2378.jpg,happy
2379.jpg,uncertain
238.jpg,neutral
2380.jpg,surprise
2381.jpg,disgust
2382.jpg,sad
2383.jpg,sad
2384.jpg,neutral
2385.jpg,surprise
2386.jpg,anger
2387.jpg,disgust
2388.jpg,surprise
2389.jpg,contempt
239.jpg,anger
2390.jpg,neutral
2391.jpg,fear
2392.jpg,contempt
2393.jpg,sad
2394.jpg,surprise
2395.jpg,sad
2396.jpg,anger
2397.jpg,uncertain
2398.jpg,happy
2399.jpg,neutral
24.jpg,happy
240.jpg,contempt
2400.jpg,contempt
2401.jpg,anger
2402.jpg,happy
2403.jpg,fear
2404.jpg,fear
2405.jpg,sad
2406.jpg,fear
2407.jpg,fear
2408.jpg,sad
2409.jpg,contempt
241.jpg,disgust
2410.jpg,happy
2411.jpg,surprise
2412.jpg,surprise
2413.jpg,happy
2414.jpg,sad
2415.jpg,fear
2416.jpg,happy
2417.jpg,disgust
2418.jpg,fear
2419.jpg,sad
242.jpg,sad
2420.jpg,neutral
2421.jpg,neutral
2422.jpg,uncertain
2423.jpg,fear
2424.jpg,sad
2425.jpg,fear
2426.jpg,happy
2427.jpg,disgust
2428.jpg,surprise
2429.jpg,neutral
243.jpg,surprise
2430.jpg,neutral
2431.jpg,neutral
2432.jpg,sad
2433.jpg,contempt
2434.jpg,neutral
2435.jpg,uncertain
2436.jpg,contempt
2437.jpg,happy
2438.jpg,disgust
2439.jpg,sad
244.jpg,disgust
2440.jpg,happy
2441.jpg,disgust
2442.jpg,neutral
2443.jpg,sad
2444.jpg,sad
2445.jpg,neutral
2446.jpg,contempt
2447.jpg,sad
2448.jpg,anger
2449.jpg,anger
245.jpg,uncertain
2450.jpg,surprise
2451.jpg,neutral
2452.jpg,anger
2453.jpg,disgust
2454.jpg,anger
2455.jpg,anger
2456.jpg,fear
2457.jpg,anger
2458.jpg,neutral
2459.jpg,anger
246.jpg,happy
2460.jpg,surprise
2461.jpg,happy
2462.jpg,surprise
2463.jpg,contempt
2464.jpg,anger
2465.jpg,neutral
2466.jpg,happy
2467.jpg,sad
2468.jpg,sad
2469.jpg,uncertain
247.jpg,surprise
2470.jpg,surprise
2471.jpg,contempt
2472.jpg,fear
2473.jpg,sad
2474.jpg,sad
2475.jpg,sad
2476.jpg,uncertain
2477.jpg,anger
2478.jpg,sad
2479.jpg,fear
248.jpg,surprise
2480.jpg,sad
2481.jpg,neutral
2482.jpg,sad
2483.jpg,happy
2484.jpg,anger
2485.jpg,fear
2486.jpg,happy
2487.jpg,sad
2488.jpg,happy
2489.jpg,contempt
249.jpg,happy
2490.jpg,disgust
2491.jpg,anger
2492.jpg,neutral
2493.jpg,uncertain
2494.jpg,happy
2495.jpg,happy
2496.jpg,sad
2497.jpg,anger
2498.jpg,surprise
2499.jpg,uncertain
25.jpg,neutral
250.jpg,sad
2500.jpg,fear
2501.jpg,happy
2502.jpg,neutral
2503.jpg,uncertain
2504.jpg,neutral
2505.jpg,anger
2506.jpg,disgust
2507.jpg,anger
2508.jpg,uncertain
2509.jpg,neutral
251.jpg,uncertain
2510.jpg,happy
2511.jpg,neutral
2512.jpg,surprise
2513.jpg,sad
2514.jpg,contempt
2515.jpg,surprise
2516.jpg,surprise
2517.jpg,neutral
2518.jpg,sad
2519.jpg,neutral
252.jpg,neutral
2520.jpg,happy
2521.jpg,anger
2522.jpg,happy
2523.jpg,happy
2524.jpg,anger
2525.jpg,happy
2526.jpg,surprise
2527.jpg,uncertain
2528.jpg,disgust
2529.jpg,anger
253.jpg,fear
2530.jpg,uncertain
2531.jpg,anger
2532.jpg,disgust
2533.jpg,uncertain
2534.jpg,fear
2535.jpg,fear
2536.jpg,anger
2537.jpg,neutral
2538.jpg,uncertain
2539.jpg,surprise
254.jpg,happy
2540.jpg,uncertain
2541.jpg,happy
2542.jpg,uncertain
2543.jpg,happy
2544.jpg,disgust
2545.jpg,contempt
2546.jpg,contempt
2547.jpg,contempt
2548.jpg,surprise
2549.jpg,surprise
255.jpg,happy
2550.jpg,surprise
2551.jpg,neutral
2552.jpg,neutral
2553.jpg,anger
2554.jpg,happy
2555.jpg,happy
2556.jpg,sad
2557.jpg,neutral
2558.jpg,sad
2559.jpg,happy
256.jpg,sad
2560.jpg,surprise
2561.jpg,surprise
2562.jpg,surprise
2563.jpg,contempt
2564.jpg,happy
2565.jpg,neutral
2566.jpg,disgust
2567.jpg,uncertain
2568.jpg,sad
2569.jpg,anger
257.jpg,happy
2570.jpg,surprise
2571.jpg,neutral
2572.jpg,contempt
2573.jpg,fear
2574.jpg,anger
2575.jpg,fear
2576.jpg,contempt
2577.jpg,neutral
2578.jpg,fear
2579.jpg,sad
258.jpg,anger
2580.jpg,fear
2581.jpg,uncertain
2582.jpg,surprise
2583.jpg,anger
2584.jpg,fear
2585.jpg,uncertain
2586.jpg,happy
2587.jpg,anger
2588.jpg,disgust
2589.jpg,anger
259.jpg,anger
2590.jpg,uncertain
2591.jpg,anger
2592.jpg,surprise
2593.jpg,neutral
2594.jpg,anger
2595.jpg,disgust
2596.jpg,fear
2597.jpg,neutral
2598.jpg,sad
2599.jpg,sad
26.jpg,surprise
260.jpg,sad
2600.jpg,happy
2601.jpg,happy
2602.jpg,happy
2603.jpg,surprise
2604.jpg,neutral
2605.jpg,contempt
2606.jpg,neutral
2607.jpg,sad
2608.jpg,uncertain
2609.jpg,surprise
261.jpg,happy
2610.jpg,disgust
2611.jpg,neutral
2612.jpg,sad
2613.jpg,sad
2614.jpg,anger
2615.jpg,fear
2616.jpg,happy
2617.jpg,happy
2618.jpg,neutral
2619.jpg,surprise
262.jpg,surprise
2620.jpg,happy
2621.jpg,happy
2622.jpg,contempt
2623.jpg,sad
2624.jpg,disgust
2625.jpg,surprise
2626.jpg,surprise
2627.jpg,sad
2628.jpg,neutral
2629.jpg,fear
263.jpg,sad
2630.jpg,fear
2631.jpg,neutral
2632.jpg,fear
2633.jpg,surprise
2634.jpg,anger
2635.jpg,uncertain
2636.jpg,disgust
2637.jpg,happy
2638.jpg,uncertain
2639.jpg,uncertain
264.jpg,sad
2640.jpg,neutral
2641.jpg,anger
2642.jpg,sad
2643.jpg,contempt
2644.jpg,happy
2645.jpg,neutral
2646.jpg,neutral
2647.jpg,fear
2648.jpg,disgust
2649.jpg,contempt
265.jpg,sad
2650.jpg,surprise
2651.jpg,anger
2652.jpg,contempt
2653.jpg,anger
2654.jpg,happy
2655.jpg,happy
2656.jpg,neutral
2657.jpg,surprise
2658.jpg,uncertain
2659.jpg,sad
266.jpg,neutral
2660.jpg,uncertain
2661.jpg,sad
2662.jpg,happy
2663.jpg,anger
2664.jpg,anger
2665.jpg,surprise
2666.jpg,surprise
2667.jpg,contempt
2668.jpg,anger
2669.jpg,anger
267.jpg,neutral
2670.jpg,uncertain
2671.jpg,happy
2672.jpg,neutral
2673.jpg,surprise
2674.jpg,anger
2675.jpg,uncertain
2676.jpg,fear
2677.jpg,disgust
2678.jpg,happy
2679.jpg,neutral
268.jpg,surprise
2680.jpg,surprise
2681.jpg,neutral
2682.jpg,sad
2683.jpg,sad
2684.jpg,disgust
2685.jpg,sad
2686.jpg,uncertain
2687.jpg,sad
2688.jpg,sad
2689.jpg,uncertain
269.jpg,anger
2690.jpg,fear
2691.jpg,anger
2692.jpg,neutral
2693.jpg,sad
2694.jpg,uncertain
2695.jpg,surprise
2696.jpg,sad
2697.jpg,neutral
2698.jpg,fear
2699.jpg,anger
27.jpg,neutral
270.jpg,anger
2700.jpg,neutral
2701.jpg,sad
2702.jpg,disgust
2703.jpg,fear
2704.jpg,happy
2705.jpg,fear
2706.jpg,surprise
2707.jpg,disgust
2708.jpg,anger
2709.jpg,sad
271.jpg,uncertain
2710.jpg,neutral
2711.jpg,anger
2712.jpg,anger
2713.jpg,neutral
2714.jpg,surprise
2715.jpg,surprise
2716.jpg,fear
2717.jpg,anger
2718.jpg,neutral
2719.jpg,fear
272.jpg,uncertain
2720.jpg,sad
2721.jpg,anger
2722.jpg,neutral
2723.jpg,happy
2724.jpg,neutral
2725.jpg,happy
2726.jpg,anger
2727.jpg,surprise
2728.jpg,fear
2729.jpg,surprise
273.jpg,anger
2730.jpg,uncertain
2731.jpg,anger
2732.jpg,neutral
2733.jpg,surprise
2734.jpg,fear
2735.jpg,uncertain
2736.jpg,surprise
2737.jpg,surprise
2738.jpg,surprise
2739.jpg,uncertain
274.jpg,happy
2740.jpg,neutral
2741.jpg,sad
2742.jpg,surprise
2743.jpg,surprise
2744.jpg,uncertain
2745.jpg,sad
2746.jpg,disgust
2747.jpg,sad
2748.jpg,disgust
2749.jpg,neutral
275.jpg,sad
2750.jpg,sad
2751.jpg,anger
2752.jpg,fear
2753.jpg,happy
2754.jpg,neutral
2755.jpg,surprise
2756.jpg,sad
2757.jpg,anger
2758.jpg,happy
2759.jpg,anger
276.jpg,sad
2760.jpg,surprise
2761.jpg,anger
2762.jpg,neutral
2763.jpg,happy
2764.jpg,neutral
2765.jpg,neutral
2766.jpg,sad
2767.jpg,surprise
2768.jpg,contempt
2769.jpg,neutral
277.jpg,neutral
2770.jpg,neutral
2771.jpg,anger
2772.jpg,fear
2773.jpg,surprise
2774.jpg,happy
2775.jpg,disgust
2776.jpg,neutral
2777.jpg,surprise
2778.jpg,anger
2779.jpg,happy
278.jpg,uncertain
2780.jpg,uncertain
2781.jpg,sad
2782.jpg,uncertain
2783.jpg,fear
2784.jpg,sad
2785.jpg,fear
2786.jpg,happy
2787.jpg,sad
2788.jpg,sad
2789.jpg,neutral
279.jpg,neutral
2790.jpg,sad
2791.jpg,surprise
2792.jpg,sad
2793.jpg,anger
2794.jpg,anger
2795.jpg,uncertain
2796.jpg,anger
2797.jpg,disgust
2798.jpg,uncertain
2799.jpg,anger
28.jpg,uncertain
280.jpg,surprise
2800.jpg,happy
2801.jpg,sad
2802.jpg,fear
2803.jpg,happy
2804.jpg,surprise
2805.jpg,anger
2806.jpg,anger
2807.jpg,disgust
2808.jpg,fear
2809.jpg,contempt
281.jpg,disgust
2810.jpg,sad
2811.jpg,surprise
2812.jpg,uncertain
2813.jpg,uncertain
2814.jpg,sad
2815.jpg,contempt
2816.jpg,sad
2817.jpg,contempt
2818.jpg,fear
2819.jpg,uncertain
282.jpg,neutral
2820.jpg,happy
2821.jpg,sad
2822.jpg,surprise
2823.jpg,sad
2824.jpg,disgust
2825.jpg,surprise
2826.jpg,disgust
2827.jpg,surprise
2828.jpg,uncertain
2829.jpg,anger
283.jpg,fear
2830.jpg,fear
2831.jpg,uncertain
2832.jpg,disgust
2833.jpg,surprise
2834.jpg,neutral
2835.jpg,fear
2836.jpg,neutral
2837.jpg,anger
2838.jpg,anger
2839.jpg,disgust
284.jpg,fear
2840.jpg,neutral
2841.jpg,uncertain
2842.jpg,happy
2843.jpg,fear
2844.jpg,surprise
2845.jpg,uncertain
2846.jpg,neutral
2847.jpg,contempt
2848.jpg,anger
2849.jpg,surprise
285.jpg,anger
2850.jpg,sad
2851.jpg,uncertain
2852.jpg,disgust
2853.jpg,neutral
2854.jpg,neutral
2855.jpg,neutral
2856.jpg,neutral
2857.jpg,fear
2858.jpg,happy
2859.jpg,neutral
286.jpg,sad
2860.jpg,fear
2861.jpg,surprise
2862.jpg,uncertain
2863.jpg,neutral
2864.jpg,fear
2865.jpg,sad
2866.jpg,surprise
2867.jpg,uncertain
2868.jpg,sad
2869.jpg,sad
287.jpg,sad
2870.jpg,surprise
2871.jpg,sad
2872.jpg,sad
2873.jpg,fear
2874.jpg,surprise
2875.jpg,fear
2876.jpg,surprise
2877.jpg,uncertain
2878.jpg,anger
2879.jpg,sad
288.jpg,happy
2880.jpg,contempt
2881.jpg,uncertain
2882.jpg,contempt
2883.jpg,happy
2884.jpg,sad
2885.jpg,neutral
2886.jpg,anger
2887.jpg,happy
2888.jpg,contempt
2889.jpg,neutral
289.jpg,neutral
2890.jpg,surprise
2891.jpg,uncertain
2892.jpg,anger
2893.jpg,uncertain
2894.jpg,sad
2895.jpg,fear
2896.jpg,surprise
2897.jpg,disgust
2898.jpg,surprise
2899.jpg,fear
29.jpg,anger
290.jpg,uncertain
2900.jpg,surprise
2901.jpg,anger
2902.jpg,neutral
2903.jpg,uncertain
2904.jpg,anger
2905.jpg,sad
2906.jpg,contempt
2907.jpg,neutral
2908.jpg,anger
2909.jpg,neutral
291.jpg,uncertain
2910.jpg,uncertain
2911.jpg,sad
2912.jpg,sad
2913.jpg,uncertain
2914.jpg,contempt
2915.jpg,sad
2916.jpg,neutral
2917.jpg,sad
2918.jpg,uncertain
2919.jpg,contempt
292.jpg,happy
2920.jpg,neutral
2921.jpg,anger
2922.jpg,sad
2923.jpg,neutral
2924.jpg,sad
2925.jpg,happy
2926.jpg,happy
2927.jpg,neutral
2928.jpg,uncertain
2929.jpg,contempt
293.jpg,happy
2930.jpg,anger
2931.jpg,uncertain
2932.jpg,sad
2933.jpg,neutral
2934.jpg,anger
2935.jpg,sad
2936.jpg,sad
2937.jpg,anger
2938.jpg,uncertain
2939.jpg,neutral
294.jpg,sad
2940.jpg,happy
2941.jpg,neutral
2942.jpg,fear
2943.jpg,sad
2944.jpg,sad
2945.jpg,happy
2946.jpg,anger
2947.jpg,neutral
2948.jpg,uncertain
2949.jpg,sad
295.jpg,anger
2950.jpg,contempt
2951.jpg,happy
2952.jpg,sad
2953.jpg,happy
2954.jpg,sad
2955.jpg,anger
2956.jpg,fear
2957.jpg,sad
2958.jpg,anger
2959.jpg,neutral
296.jpg,happy
2960.jpg,neutral
2961.jpg,uncertain
2962.jpg,sad
2963.jpg,surprise
2964.jpg,fear
2965.jpg,anger
2966.jpg,happy
2967.jpg,sad
2968.jpg,fear
2969.jpg,happy
297.jpg,neutral
2970.jpg,contempt
2971.jpg,happy
2972.jpg,sad
2973.jpg,anger
2974.jpg,sad
2975.jpg,surprise
2976.jpg,anger
2977.jpg,sad
2978.jpg,sad
2979.jpg,surprise
298.jpg,sad
2980.jpg,surprise
2981.jpg,sad
2982.jpg,anger
2983.jpg,anger
2984.jpg,fear
2985.jpg,surprise
2986.jpg,anger
2987.jpg,neutral
2988.jpg,contempt
2989.jpg,disgust
299.jpg,disgust
2990.jpg,disgust
2991.jpg,fear
2992.jpg,happy
2993.jpg,disgust
2994.jpg,neutral
2995.jpg,happy
2996.jpg,sad
2997.jpg,anger
2998.jpg,surprise
2999.jpg,neutral
3.jpg,anger
30.jpg,uncertain
300.jpg,fear
3000.jpg,happy
3001.jpg,neutral
3002.jpg,sad
3003.jpg,surprise
3004.jpg,neutral
3005.jpg,surprise
3006.jpg,disgust
3007.jpg,surprise
3008.jpg,anger
3009.jpg,anger
301.jpg,fear
3010.jpg,fear
3011.jpg,anger
3012.jpg,fear
3013.jpg,neutral
3014.jpg,sad
3015.jpg,happy
3016.jpg,anger
3017.jpg,surprise
3018.jpg,sad
3019.jpg,happy
302.jpg,uncertain
3020.jpg,contempt
3021.jpg,neutral
3022.jpg,happy
3023.jpg,fear
3024.jpg,contempt
3025.jpg,fear
3026.jpg,neutral
3027.jpg,surprise
3028.jpg,sad
3029.jpg,surprise
303.jpg,fear
3030.jpg,neutral
3031.jpg,neutral
3032.jpg,uncertain
3033.jpg,happy
3034.jpg,uncertain
3035.jpg,disgust
3036.jpg,sad
3037.jpg,disgust
3038.jpg,anger
3039.jpg,neutral
304.jpg,neutral
3040.jpg,sad
3041.jpg,contempt
3042.jpg,disgust
3043.jpg,disgust
3044.jpg,uncertain
3045.jpg,contempt
3046.jpg,uncertain
3047.jpg,surprise
3048.jpg,neutral
3049.jpg,neutral
305.jpg,surprise
3050.jpg,surprise
3051.jpg,uncertain
3052.jpg,uncertain
3053.jpg,surprise
3054.jpg,surprise
3055.jpg,sad
3056.jpg,anger
3057.jpg,neutral
3058.jpg,contempt
3059.jpg,anger
306.jpg,contempt
3060.jpg,surprise
3061.jpg,sad
3062.jpg,uncertain
3063.jpg,anger
3064.jpg,sad
3065.jpg,surprise
3066.jpg,fear
3067.jpg,surprise
3068.jpg,happy
3069.jpg,surprise
307.jpg,anger
3070.jpg,surprise
3071.jpg,happy
3072.jpg,happy
3073.jpg,happy
3074.jpg,anger
3075.jpg,happy
3076.jpg,disgust
3077.jpg,happy
3078.jpg,uncertain
3079.jpg,anger
308.jpg,neutral
3080.jpg,surprise
3081.jpg,sad
3082.jpg,surprise
3083.jpg,surprise
3084.jpg,anger
3085.jpg,sad
3086.jpg,disgust
3087.jpg,neutral
3088.jpg,surprise
3089.jpg,surprise
309.jpg,happy
3090.jpg,surprise
3091.jpg,happy
3092.jpg,uncertain
3093.jpg,anger
3094.jpg,anger
3095.jpg,neutral
3096.jpg,happy
3097.jpg,anger
3098.jpg,uncertain
3099.jpg,happy
31.jpg,surprise
310.jpg,sad
3100.jpg,fear
3101.jpg,uncertain
3102.jpg,neutral
3103.jpg,surprise
3104.jpg,anger
3105.jpg,happy
3106.jpg,anger
3107.jpg,surprise
3108.jpg,sad
3109.jpg,happy
311.jpg,neutral
3110.jpg,surprise
3111.jpg,contempt
3112.jpg,anger
3113.jpg,anger
3114.jpg,uncertain
3115.jpg,anger
3116.jpg,anger
3117.jpg,happy
3118.jpg,fear
3119.jpg,surprise
312.jpg,happy
3120.jpg,surprise
3121.jpg,neutral
3122.jpg,fear
3123.jpg,happy
3124.jpg,surprise
3125.jpg,uncertain
3126.jpg,happy
3127.jpg,fear
3128.jpg,contempt
3129.jpg,surprise
313.jpg,surprise
3130.jpg,sad
3131.jpg,surprise
3132.jpg,happy
3133.jpg,uncertain
3134.jpg,uncertain
3135.jpg,sad
3136.jpg,happy
3137.jpg,disgust
3138.jpg,fear
3139.jpg,neutral
314.jpg,fear
3140.jpg,disgust
3141.jpg,anger
3142.jpg,uncertain
3143.jpg,disgust
3144.jpg,sad
3145.jpg,surprise
3146.jpg,neutral
3147.jpg,sad
3148.jpg,fear
3149.jpg,uncertain
315.jpg,neutral
3150.jpg,fear
3151.jpg,contempt
3152.jpg,uncertain
3153.jpg,neutral
3154.jpg,anger
3155.jpg,sad
3156.jpg,fear
3157.jpg,happy
3158.jpg,happy
3159.jpg,neutral
316.jpg,fear
3160.jpg,neutral
3161.jpg,happy
3162.jpg,neutral
3163.jpg,sad
3164.jpg,anger
3165.jpg,happy
3166.jpg,surprise
3167.jpg,contempt
3168.jpg,anger
3169.jpg,anger
317.jpg,surprise
3170.jpg,uncertain
3171.jpg,neutral
3172.jpg,neutral
3173.jpg,anger
3174.jpg,disgust
3175.jpg,uncertain
3176.jpg,happy
3177.jpg,anger
3178.jpg,anger
3179.jpg,contempt
318.jpg,uncertain
3180.jpg,surprise
3181.jpg,surprise
3182.jpg,sad
3183.jpg,happy
3184.jpg,anger
3185.jpg,anger
3186.jpg,surprise
3187.jpg,uncertain
3188.jpg,surprise
3189.jpg,anger
319.jpg,uncertain
3190.jpg,happy
3191.jpg,anger
3192.jpg,happy
3193.jpg,happy
3194.jpg,contempt
3195.jpg,contempt
3196.jpg,surprise
3197.jpg,anger
3198.jpg,sad
3199.jpg,sad
32.jpg,neutral
320.jpg,sad
3200.jpg,surprise
3201.jpg,surprise
3202.jpg,uncertain
3203.jpg,neutral
3204.jpg,neutral
3205.jpg,contempt
3206.jpg,uncertain
3207.jpg,neutral
3208.jpg,contempt
3209.jpg,anger
321.jpg,sad
3210.jpg,anger
3211.jpg,anger
3212.jpg,anger
3213.jpg,sad
3214.jpg,surprise
3215.jpg,sad
3216.jpg,sad
3217.jpg,anger
3218.jpg,anger
3219.jpg,contempt
322.jpg,happy
3220.jpg,sad
3221.jpg,anger
3222.jpg,surprise
3223.jpg,surprise
3224.jpg,happy
3225.jpg,neutral
3226.jpg,surprise
3227.jpg,sad
3228.jpg,anger
3229.jpg,neutral
323.jpg,sad
3230.jpg,happy
3231.jpg,sad
3232.jpg,surprise
3233.jpg,sad
3234.jpg,happy
3235.jpg,sad
3236.jpg,anger
3237.jpg,anger
3238.jpg,surprise
3239.jpg,surprise
324.jpg,surprise
3240.jpg,anger
3241.jpg,fear
3242.jpg,happy
3243.jpg,neutral
3244.jpg,neutral
3245.jpg,anger
3246.jpg,happy
3247.jpg,sad
3248.jpg,anger
3249.jpg,contempt
325.jpg,happy
3250.jpg,sad
3251.jpg,happy
3252.jpg,contempt
3253.jpg,sad
3254.jpg,neutral
3255.jpg,neutral
3256.jpg,contempt
3257.jpg,sad
3258.jpg,surprise
3259.jpg,happy
326.jpg,contempt
3260.jpg,anger
3261.jpg,sad
3262.jpg,surprise
3263.jpg,happy
3264.jpg,contempt
3265.jpg,surprise
3266.jpg,neutral
3267.jpg,uncertain
3268.jpg,neutral
3269.jpg,surprise
327.jpg,anger
3270.jpg,contempt
3271.jpg,fear
3272.jpg,anger
3273.jpg,fear
3274.jpg,neutral
3275.jpg,surprise
3276.jpg,fear
3277.jpg,surprise
3278.jpg,anger
3279.jpg,happy
328.jpg,surprise
3280.jpg,fear
3281.jpg,sad
3282.jpg,disgust
3283.jpg,neutral
3284.jpg,uncertain
3285.jpg,sad
3286.jpg,surprise
3287.jpg,sad
3288.jpg,anger
3289.jpg,uncertain
329.jpg,surprise
3290.jpg,fear
3291.jpg,neutral
3292.jpg,sad
3293.jpg,happy
3294.jpg,anger
3295.jpg,disgust
3296.jpg,uncertain
3297.jpg,surprise
3298.jpg,anger
3299.jpg,anger
33.jpg,surprise
330.jpg,uncertain
3300.jpg,anger
3301.jpg,neutral
3302.jpg,happy
3303.jpg,anger
3304.jpg,neutral
3305.jpg,contempt
3306.jpg,neutral
3307.jpg,uncertain
3308.jpg,surprise
3309.jpg,sad
331.jpg,anger
3310.jpg,fear
3311.jpg,happy
3312.jpg,disgust
3313.jpg,uncertain
3314.jpg,happy
3315.jpg,fear
3316.jpg,sad
3317.jpg,anger
3318.jpg,surprise
3319.jpg,neutral
332.jpg,surprise
3320.jpg,sad
3321.jpg,surprise
3322.jpg,surprise
3323.jpg,happy
3324.jpg,uncertain
3325.jpg,happy
3326.jpg,surprise
3327.jpg,happy
3328.jpg,uncertain
3329.jpg,fear
333.jpg,disgust
3330.jpg,surprise
3331.jpg,fear
3332.jpg,anger
3333.jpg,uncertain
3334.jpg,surprise
3335.jpg,neutral
3336.jpg,disgust
3337.jpg,anger
3338.jpg,neutral
3339.jpg,neutral
334.jpg,sad
3340.jpg,disgust
3341.jpg,fear
3342.jpg,neutral
3343.jpg,surprise
3344.jpg,surprise
3345.jpg,happy
3346.jpg,uncertain
3347.jpg,happy
3348.jpg,sad
3349.jpg,surprise
335.jpg,neutral
3350.jpg,uncertain
3351.jpg,sad
3352.jpg,surprise
3353.jpg,surprise
3354.jpg,neutral
3355.jpg,contempt
3356.jpg,anger
3357.jpg,contempt
3358.jpg,happy
3359.jpg,anger
336.jpg,contempt
3360.jpg,sad
3361.jpg,neutral
3362.jpg,fear
3363.jpg,surprise
3364.jpg,sad
3365.jpg,sad
3366.jpg,happy
3367.jpg,fear
3368.jpg,sad
3369.jpg,surprise
337.jpg,anger
3370.jpg,surprise
3371.jpg,uncertain
3372.jpg,surprise
3373.jpg,anger
3374.jpg,anger
3375.jpg,sad
3376.jpg,sad
3377.jpg,uncertain
3378.jpg,neutral
3379.jpg,surprise
338.jpg,uncertain
3380.jpg,anger
3381.jpg,fear
3382.jpg,neutral
3383.jpg,fear
3384.jpg,surprise
3385.jpg,uncertain
3386.jpg,contempt
3387.jpg,neutral
3388.jpg,surprise
3389.jpg,neutral
339.jpg,surprise
3390.jpg,fear
3391.jpg,happy
3392.jpg,sad
3393.jpg,neutral
3394.jpg,neutral
3395.jpg,sad
3396.jpg,contempt
3397.jpg,neutral
3398.jpg,neutral
3399.jpg,anger
34.jpg,fear
340.jpg,surprise
3400.jpg,uncertain
3401.jpg,anger
3402.jpg,uncertain
3403.jpg,sad
3404.jpg,happy
3405.jpg,sad
3406.jpg,sad
3407.jpg,disgust
3408.jpg,neutral
3409.jpg,neutral
341.jpg,happy
3410.jpg,neutral
3411.jpg,neutral
3412.jpg,happy
3413.jpg,sad
3414.jpg,sad
3415.jpg,happy
3416.jpg,uncertain
3417.jpg,sad
3418.jpg,anger
3419.jpg,disgust
342.jpg,disgust
3420.jpg,fear
3421.jpg,neutral
3422.jpg,disgust
3423.jpg,anger
3424.jpg,surprise
3425.jpg,surprise
3426.jpg,happy
3427.jpg,happy
3428.jpg,anger
3429.jpg,fear
343.jpg,contempt
3430.jpg,uncertain
3431.jpg,uncertain
3432.jpg,sad
3433.jpg,uncertain
3434.jpg,sad
3435.jpg,uncertain
3436.jpg,fear
3437.jpg,contempt
3438.jpg,neutral
3439.jpg,happy
344.jpg,sad
3440.jpg,sad
3441.jpg,contempt
3442.jpg,fear
3443.jpg,sad
3444.jpg,sad
3445.jpg,anger
3446.jpg,contempt
3447.jpg,uncertain
3448.jpg,surprise
3449.jpg,uncertain
345.jpg,sad
3450.jpg,surprise
3451.jpg,fear
3452.jpg,uncertain
3453.jpg,surprise
3454.jpg,anger
3455.jpg,fear
3456.jpg,happy
3457.jpg,anger
3458.jpg,sad
3459.jpg,sad
346.jpg,uncertain
3460.jpg,happy
3461.jpg,uncertain
3462.jpg,anger
3463.jpg,contempt
3464.jpg,anger
3465.jpg,neutral
3466.jpg,fear
3467.jpg,sad
3468.jpg,neutral
3469.jpg,anger
347.jpg,happy
3470.jpg,surprise
3471.jpg,surprise
3472.jpg,uncertain
3473.jpg,happy
3474.jpg,sad
3475.jpg,surprise
3476.jpg,uncertain
3477.jpg,fear
3478.jpg,sad
3479.jpg,surprise
348.jpg,happy
3480.jpg,surprise
3481.jpg,neutral
3482.jpg,fear
3483.jpg,neutral
3484.jpg,neutral
3485.jpg,happy
3486.jpg,happy
3487.jpg,sad
3488.jpg,happy
3489.jpg,happy
349.jpg,happy
3490.jpg,surprise
3491.jpg,uncertain
3492.jpg,surprise
3493.jpg,uncertain
3494.jpg,uncertain
3495.jpg,happy
3496.jpg,happy
3497.jpg,surprise
3498.jpg,surprise
3499.jpg,fear
35.jpg,neutral
350.jpg,neutral
3500.jpg,surprise
3501.jpg,happy
3502.jpg,happy
3503.jpg,uncertain
3504.jpg,happy
3505.jpg,anger
3506.jpg,sad
3507.jpg,neutral
3508.jpg,neutral
3509.jpg,neutral
351.jpg,surprise
3510.jpg,contempt
3511.jpg,fear
3512.jpg,sad
3513.jpg,uncertain
3514.jpg,anger
3515.jpg,anger
3516.jpg,neutral
3517.jpg,uncertain
3518.jpg,disgust
3519.jpg,sad
352.jpg,neutral
3520.jpg,disgust
3521.jpg,anger
3522.jpg,contempt
3523.jpg,sad
3524.jpg,happy
3525.jpg,surprise
3526.jpg,happy
3527.jpg,fear
3528.jpg,sad
3529.jpg,surprise
353.jpg,anger
3530.jpg,anger
3531.jpg,fear
3532.jpg,happy
3533.jpg,uncertain
3534.jpg,sad
3535.jpg,anger
3536.jpg,sad
3537.jpg,uncertain
3538.jpg,uncertain
3539.jpg,neutral
354.jpg,uncertain
3540.jpg,anger
3541.jpg,surprise
3542.jpg,sad
3543.jpg,disgust
3544.jpg,surprise
3545.jpg,happy
3546.jpg,anger
3547.jpg,surprise
3548.jpg,sad
3549.jpg,happy
355.jpg,anger
3550.jpg,neutral
3551.jpg,surprise
3552.jpg,neutral
3553.jpg,disgust
3554.jpg,sad
3555.jpg,happy
3556.jpg,anger
3557.jpg,neutral
3558.jpg,anger
3559.jpg,happy
356.jpg,neutral
3560.jpg,surprise
3561.jpg,sad
3562.jpg,fear
3563.jpg,fear
3564.jpg,happy
3565.jpg,uncertain
3566.jpg,uncertain
3567.jpg,fear
3568.jpg,neutral
3569.jpg,uncertain
357.jpg,anger
3570.jpg,sad
3571.jpg,anger
3572.jpg,fear
3573.jpg,happy
3574.jpg,uncertain
3575.jpg,neutral
3576.jpg,anger
3577.jpg,surprise
3578.jpg,surprise
3579.jpg,contempt
358.jpg,surprise
3580.jpg,uncertain
3581.jpg,sad
3582.jpg,sad
3583.jpg,sad
3584.jpg,disgust
3585.jpg,uncertain
3586.jpg,contempt
3587.jpg,surprise
3588.jpg,anger
3589.jpg,sad
359.jpg,disgust
3590.jpg,contempt
3591.jpg,uncertain
3592.jpg,surprise
3593.jpg,happy
3594.jpg,happy
3595.jpg,anger
3596.jpg,anger
3597.jpg,sad
3598.jpg,disgust
3599.jpg,sad
36.jpg,surprise
360.jpg,anger
3600.jpg,sad
3601.jpg,contempt
3602.jpg,surprise
3603.jpg,surprise
3604.jpg,sad
3605.jpg,neutral
3606.jpg,surprise
3607.jpg,neutral
3608.jpg,happy
3609.jpg,uncertain
361.jpg,sad
3610.jpg,contempt
3611.jpg,sad
3612.jpg,sad
3613.jpg,fear
3614.jpg,sad
3615.jpg,uncertain
3616.jpg,neutral
3617.jpg,neutral
3618.jpg,uncertain
3619.jpg,neutral
362.jpg,sad
3620.jpg,uncertain
3621.jpg,anger
3622.jpg,contempt
3623.jpg,happy
3624.jpg,uncertain
3625.jpg,anger
3626.jpg,fear
3627.jpg,happy
3628.jpg,contempt
3629.jpg,sad
363.jpg,happy
3630.jpg,anger
3631.jpg,surprise
3632.jpg,anger
3633.jpg,neutral
3634.jpg,sad
3635.jpg,neutral
3636.jpg,anger
3637.jpg,fear
3638.jpg,sad
3639.jpg,anger
364.jpg,anger
3640.jpg,anger
3641.jpg,contempt
3642.jpg,anger
3643.jpg,fear
3644.jpg,anger
3645.jpg,happy
3646.jpg,happy
3647.jpg,surprise
3648.jpg,happy
3649.jpg,happy
365.jpg,sad
3650.jpg,happy
3651.jpg,neutral
3652.jpg,sad
3653.jpg,sad
3654.jpg,surprise
3655.jpg,surprise
3656.jpg,contempt
3657.jpg,neutral
3658.jpg,sad
3659.jpg,anger
366.jpg,neutral
3660.jpg,surprise
3661.jpg,happy
3662.jpg,anger
3663.jpg,sad
3664.jpg,neutral
3665.jpg,disgust
3666.jpg,surprise
3667.jpg,anger
3668.jpg,anger
3669.jpg,sad
367.jpg,anger
3670.jpg,surprise
3671.jpg,sad
3672.jpg,contempt
3673.jpg,neutral
3674.jpg,fear
3675.jpg,sad
3676.jpg,neutral
3677.jpg,sad
3678.jpg,uncertain
3679.jpg,disgust
368.jpg,anger
3680.jpg,surprise
3681.jpg,anger
3682.jpg,anger
3683.jpg,contempt
3684.jpg,disgust
3685.jpg,neutral
3686.jpg,anger
3687.jpg,disgust
3688.jpg,happy
3689.jpg,uncertain
369.jpg,uncertain
3690.jpg,sad
3691.jpg,uncertain
3692.jpg,sad
3693.jpg,happy
3694.jpg,neutral
3695.jpg,sad
3696.jpg,sad
3697.jpg,uncertain
3698.jpg,anger
3699.jpg,neutral
37.jpg,surprise
370.jpg,surprise
3700.jpg,neutral
3701.jpg,happy
3702.jpg,uncertain
3703.jpg,neutral
3704.jpg,neutral
3705.jpg,uncertain
3706.jpg,contempt
3707.jpg,happy
3708.jpg,fear
3709.jpg,sad
371.jpg,sad
3710.jpg,surprise
3711.jpg,anger
3712.jpg,sad
3713.jpg,anger
3714.jpg,sad
3715.jpg,neutral
3716.jpg,surprise
3717.jpg,neutral
3718.jpg,fear
3719.jpg,fear
372.jpg,disgust
3720.jpg,anger
3721.jpg,anger
3722.jpg,uncertain
3723.jpg,surprise
3724.jpg,sad
3725.jpg,sad
3726.jpg,sad
3727.jpg,uncertain
3728.jpg,sad
3729.jpg,neutral
373.jpg,happy
3730.jpg,anger
3731.jpg,uncertain
3732.jpg,neutral
3733.jpg,sad
3734.jpg,disgust
3735.jpg,surprise
3736.jpg,surprise
3737.jpg,contempt
3738.jpg,sad
3739.jpg,fear
374.jpg,happy
3740.jpg,fear
3741.jpg,neutral
3742.jpg,sad
3743.jpg,anger
3744.jpg,neutral
3745.jpg,sad
3746.jpg,disgust
3747.jpg,contempt
3748.jpg,fear
3749.jpg,sad
375.jpg,fear
3750.jpg,surprise
3751.jpg,surprise
3752.jpg,sad
3753.jpg,anger
3754.jpg,neutral
3755.jpg,surprise
3756.jpg,happy
3757.jpg,neutral
3758.jpg,neutral
3759.jpg,anger
376.jpg,sad
3760.jpg,sad
3761.jpg,disgust
3762.jpg,anger
3763.jpg,uncertain
3764.jpg,surprise
3765.jpg,sad
3766.jpg,uncertain
3767.jpg,surprise
3768.jpg,surprise
3769.jpg,surprise
377.jpg,neutral
3770.jpg,surprise
3771.jpg,anger
3772.jpg,disgust
3773.jpg,anger
3774.jpg,neutral
3775.jpg,disgust
3776.jpg,surprise
3777.jpg,neutral
3778.jpg,happy
3779.jpg,uncertain
378.jpg,neutral
3780.jpg,sad
3781.jpg,anger
3782.jpg,happy
3783.jpg,anger
3784.jpg,surprise
3785.jpg,anger
3786.jpg,uncertain
3787.jpg,surprise
3788.jpg,sad
3789.jpg,sad
379.jpg,surprise
3790.jpg,fear
3791.jpg,uncertain
3792.jpg,anger
3793.jpg,contempt
3794.jpg,sad
3795.jpg,sad
3796.jpg,surprise
3797.jpg,sad
3798.jpg,surprise
3799.jpg,fear
38.jpg,surprise
380.jpg,happy
3800.jpg,contempt
3801.jpg,anger
3802.jpg,sad
3803.jpg,fear
3804.jpg,surprise
3805.jpg,disgust
3806.jpg,happy
3807.jpg,neutral
3808.jpg,uncertain
3809.jpg,uncertain
381.jpg,neutral
3810.jpg,surprise
3811.jpg,contempt
3812.jpg,anger
3813.jpg,happy
3814.jpg,disgust
3815.jpg,anger
3816.jpg,neutral
3817.jpg,surprise
3818.jpg,neutral
3819.jpg,sad
382.jpg,contempt
3820.jpg,anger
3821.jpg,surprise
3822.jpg,sad
3823.jpg,anger
3824.jpg,happy
3825.jpg,uncertain
3826.jpg,anger
3827.jpg,surprise
3828.jpg,anger
3829.jpg,surprise
383.jpg,happy
3830.jpg,anger
3831.jpg,surprise
3832.jpg,neutral
3833.jpg,sad
3834.jpg,surprise
3835.jpg,fear
3836.jpg,neutral
3837.jpg,anger
3838.jpg,neutral
3839.jpg,happy
384.jpg,disgust
3840.jpg,fear
3841.jpg,uncertain
3842.jpg,anger
3843.jpg,anger
3844.jpg,neutral
3845.jpg,fear
3846.jpg,sad
3847.jpg,uncertain
3848.jpg,anger
3849.jpg,sad
385.jpg,sad
3850.jpg,fear
3851.jpg,anger
3852.jpg,fear
3853.jpg,neutral
3854.jpg,sad
3855.jpg,surprise
3856.jpg,neutral
3857.jpg,surprise
3858.jpg,neutral
3859.jpg,uncertain
386.jpg,sad
3860.jpg,anger
3861.jpg,happy
3862.jpg,happy
3863.jpg,sad
3864.jpg,sad
3865.jpg,disgust
3866.jpg,surprise
3867.jpg,uncertain
3868.jpg,neutral
3869.jpg,disgust
387.jpg,anger
3870.jpg,happy
3871.jpg,anger
3872.jpg,uncertain
3873.jpg,happy
3874.jpg,neutral
3875.jpg,anger
3876.jpg,disgust
3877.jpg,surprise
3878.jpg,uncertain
3879.jpg,sad
388.jpg,anger
3880.jpg,surprise
3881.jpg,anger
3882.jpg,anger
3883.jpg,anger
3884.jpg,neutral
3885.jpg,fear
3886.jpg,sad
3887.jpg,sad
3888.jpg,contempt
3889.jpg,sad
389.jpg,neutral
3890.jpg,uncertain
3891.jpg,happy
3892.jpg,anger
3893.jpg,sad
3894.jpg,neutral
3895.jpg,sad
3896.jpg,sad
3897.jpg,contempt
3898.jpg,neutral
3899.jpg,anger
39.jpg,contempt
390.jpg,fear
3900.jpg,neutral
3901.jpg,happy
3902.jpg,sad
3903.jpg,uncertain
3904.jpg,neutral
3905.jpg,neutral
3906.jpg,happy
3907.jpg,anger
3908.jpg,contempt
3909.jpg,happy
391.jpg,uncertain
3910.jpg,happy
3911.jpg,surprise
3912.jpg,sad
3913.jpg,sad
3914.jpg,neutral
3915.jpg,disgust
3916.jpg,happy
3917.jpg,neutral
3918.jpg,neutral
3919.jpg,sad
392.jpg,sad
3920.jpg,uncertain
3921.jpg,surprise
3922.jpg,anger
3923.jpg,surprise
3924.jpg,neutral
3925.jpg,sad
3926.jpg,uncertain
3927.jpg,anger
3928.jpg,neutral
3929.jpg,neutral
393.jpg,anger
3930.jpg,sad
3931.jpg,sad
3932.jpg,neutral
3933.jpg,anger
3934.jpg,surprise
3935.jpg,surprise
3936.jpg,contempt
3937.jpg,anger
3938.jpg,happy
3939.jpg,happy
394.jpg,neutral
3940.jpg,contempt
3941.jpg,contempt
3942.jpg,uncertain
3943.jpg,neutral
3944.jpg,neutral
3945.jpg,surprise
3946.jpg,anger
3947.jpg,fear
3948.jpg,anger
3949.jpg,neutral
395.jpg,neutral
3950.jpg,surprise
3951.jpg,anger
3952.jpg,anger
3953.jpg,sad
3954.jpg,anger
3955.jpg,uncertain
3956.jpg,surprise
3957.jpg,anger
3958.jpg,disgust
3959.jpg,surprise
396.jpg,fear
3960.jpg,anger
3961.jpg,sad
3962.jpg,disgust
3963.jpg,contempt
3964.jpg,sad
3965.jpg,uncertain
3966.jpg,uncertain
3967.jpg,sad
3968.jpg,anger
3969.jpg,disgust
397.jpg,fear
3970.jpg,disgust
3971.jpg,happy
3972.jpg,happy
3973.jpg,happy
3974.jpg,anger
3975.jpg,neutral
3976.jpg,happy
3977.jpg,neutral
3978.jpg,neutral
3979.jpg,uncertain
398.jpg,fear
3980.jpg,disgust
3981.jpg,surprise
3982.jpg,contempt
3983.jpg,sad
3984.jpg,uncertain
3985.jpg,sad
3986.jpg,anger
3987.jpg,contempt
3988.jpg,anger
3989.jpg,happy
399.jpg,sad
3990.jpg,happy
3991.jpg,neutral
3992.jpg,fear
3993.jpg,anger
3994.jpg,neutral
3995.jpg,sad
3996.jpg,happy
3997.jpg,neutral
3998.jpg,contempt
3999.jpg,happy
4.jpg,neutral
40.jpg,sad
400.jpg,disgust
4000.jpg,surprise
4001.jpg,sad
4002.jpg,happy
4003.jpg,sad
4004.jpg,contempt
4005.jpg,sad
4006.jpg,anger
4007.jpg,anger
4008.jpg,sad
4009.jpg,sad
401.jpg,fear
4010.jpg,contempt
4011.jpg,anger
4012.jpg,uncertain
4013.jpg,sad
4014.jpg,sad
4015.jpg,happy
4016.jpg,anger
4017.jpg,uncertain
4018.jpg,anger
4019.jpg,neutral
402.jpg,contempt
4020.jpg,happy
4021.jpg,surprise
4022.jpg,happy
4023.jpg,sad
4024.jpg,happy
4025.jpg,happy
4026.jpg,neutral
4027.jpg,surprise
4028.jpg,happy
4029.jpg,contempt
403.jpg,sad
4030.jpg,neutral
4031.jpg,fear
4032.jpg,uncertain
4033.jpg,anger
4034.jpg,surprise
4035.jpg,fear
4036.jpg,sad
4037.jpg,disgust
4038.jpg,neutral
4039.jpg,anger
404.jpg,neutral
4040.jpg,sad
4041.jpg,neutral
4042.jpg,disgust
4043.jpg,sad
4044.jpg,anger
4045.jpg,neutral
4046.jpg,happy
4047.jpg,neutral
4048.jpg,fear
4049.jpg,surprise
405.jpg,happy
4050.jpg,surprise
4051.jpg,neutral
4052.jpg,uncertain
4053.jpg,neutral
4054.jpg,neutral
4055.jpg,neutral
4056.jpg,neutral
4057.jpg,uncertain
4058.jpg,happy
4059.jpg,sad
406.jpg,happy
4060.jpg,uncertain
4061.jpg,anger
4062.jpg,neutral
4063.jpg,anger
4064.jpg,surprise
4065.jpg,surprise
4066.jpg,sad
4067.jpg,contempt
4068.jpg,contempt
4069.jpg,uncertain
407.jpg,happy
4070.jpg,neutral
4071.jpg,contempt
4072.jpg,sad
4073.jpg,disgust
4074.jpg,happy
4075.jpg,sad
4076.jpg,sad
4077.jpg,sad
4078.jpg,anger
4079.jpg,surprise
408.jpg,uncertain
4080.jpg,uncertain
4081.jpg,surprise
4082.jpg,anger
4083.jpg,happy
4084.jpg,uncertain
4085.jpg,uncertain
4086.jpg,anger
4087.jpg,sad
4088.jpg,uncertain
4089.jpg,happy
409.jpg,anger
4090.jpg,sad
4091.jpg,anger
4092.jpg,sad
4093.jpg,surprise
4094.jpg,uncertain
4095.jpg,sad
4096.jpg,contempt
4097.jpg,uncertain
4098.jpg,happy
4099.jpg,fear
41.jpg,fear
410.jpg,disgust
4100.jpg,uncertain
4101.jpg,contempt
4102.jpg,disgust
4103.jpg,fear
4104.jpg,sad
4105.jpg,sad
4106.jpg,anger
4107.jpg,fear
4108.jpg,surprise
4109.jpg,sad
411.jpg,sad
4110.jpg,surprise
4111.jpg,sad
4112.jpg,sad
4113.jpg,anger
4114.jpg,sad
4115.jpg,happy
4116.jpg,neutral
4117.jpg,surprise
4118.jpg,anger
4119.jpg,sad
412.jpg,neutral
4120.jpg,surprise
4121.jpg,contempt
4122.jpg,contempt
4123.jpg,happy
4124.jpg,surprise
4125.jpg,uncertain
4126.jpg,surprise
4127.jpg,uncertain
4128.jpg,contempt
4129.jpg,uncertain
413.jpg,uncertain
4130.jpg,happy
4131.jpg,uncertain
4132.jpg,happy
4133.jpg,sad
4134.jpg,surprise
4135.jpg,anger
4136.jpg,sad
4137.jpg,surprise
4138.jpg,contempt
4139.jpg,neutral
414.jpg,anger
4140.jpg,uncertain
4141.jpg,uncertain
4142.jpg,happy
4143.jpg,anger
4144.jpg,sad
4145.jpg,neutral
4146.jpg,neutral
4147.jpg,neutral
4148.jpg,anger
4149.jpg,uncertain
415.jpg,surprise
4150.jpg,uncertain
4151.jpg,neutral
4152.jpg,happy
4153.jpg,happy
4154.jpg,sad
4155.jpg,happy
4156.jpg,happy
4157.jpg,neutral
4158.jpg,neutral
4159.jpg,fear
416.jpg,sad
4160.jpg,neutral
4161.jpg,happy
4162.jpg,anger
4163.jpg,uncertain
4164.jpg,sad
4165.jpg,contempt
4166.jpg,uncertain
4167.jpg,disgust
4168.jpg,surprise
4169.jpg,contempt
417.jpg,fear
4170.jpg,surprise
4171.jpg,sad
4172.jpg,surprise
4173.jpg,happy
4174.jpg,uncertain
4175.jpg,contempt
4176.jpg,surprise
4177.jpg,sad
4178.jpg,uncertain
4179.jpg,happy
418.jpg,sad
4180.jpg,neutral
4181.jpg,neutral
4182.jpg,happy
4183.jpg,sad
4184.jpg,uncertain
4185.jpg,disgust
4186.jpg,happy
4187.jpg,happy
4188.jpg,contempt
4189.jpg,happy
419.jpg,neutral
4190.jpg,disgust
4191.jpg,anger
4192.jpg,uncertain
4193.jpg,anger
4194.jpg,anger
4195.jpg,uncertain
4196.jpg,fear
4197.jpg,contempt
4198.jpg,surprise
4199.jpg,surprise
42.jpg,anger
420.jpg,neutral
4200.jpg,sad
4201.jpg,sad
4202.jpg,neutral
4203.jpg,neutral
4204.jpg,neutral
4205.jpg,sad
4206.jpg,disgust
4207.jpg,happy
4208.jpg,surprise
4209.jpg,surprise
421.jpg,neutral
4210.jpg,surprise
4211.jpg,sad
4212.jpg,disgust
4213.jpg,sad
4214.jpg,sad
4215.jpg,uncertain
4216.jpg,contempt
4217.jpg,happy
4218.jpg,surprise
4219.jpg,surprise
422.jpg,happy
4220.jpg,uncertain
4221.jpg,fear
4222.jpg,anger
4223.jpg,fear
4224.jpg,anger
4225.jpg,disgust
4226.jpg,happy
4227.jpg,fear
4228.jpg,anger
4229.jpg,surprise
423.jpg,surprise
4230.jpg,happy
4231.jpg,disgust
4232.jpg,anger
4233.jpg,happy
4234.jpg,happy
4235.jpg,contempt
4236.jpg,sad
4237.jpg,surprise
4238.jpg,surprise
4239.jpg,anger
424.jpg,happy
4240.jpg,contempt
4241.jpg,sad
4242.jpg,disgust
4243.jpg,uncertain
4244.jpg,sad
4245.jpg,neutral
4246.jpg,neutral
4247.jpg,neutral
4248.jpg,anger
4249.jpg,anger
425.jpg,uncertain
4250.jpg,uncertain
4251.jpg,anger
4252.jpg,anger
4253.jpg,happy
4254.jpg,neutral
4255.jpg,anger
4256.jpg,surprise
4257.jpg,anger
4258.jpg,disgust
4259.jpg,neutral
426.jpg,anger
4260.jpg,sad
4261.jpg,happy
4262.jpg,sad
4263.jpg,contempt
4264.jpg,anger
4265.jpg,fear
4266.jpg,happy
4267.jpg,happy
4268.jpg,disgust
4269.jpg,sad
427.jpg,uncertain
4270.jpg,sad
4271.jpg,sad
4272.jpg,surprise
4273.jpg,disgust
4274.jpg,happy
4275.jpg,happy
4276.jpg,sad
4277.jpg,uncertain
4278.jpg,neutral
4279.jpg,uncertain
428.jpg,uncertain
4280.jpg,neutral
4281.jpg,surprise
4282.jpg,fear
4283.jpg,surprise
4284.jpg,happy
4285.jpg,disgust
4286.jpg,anger
4287.jpg,anger
4288.jpg,anger
4289.jpg,fear
429.jpg,anger
4290.jpg,sad
4291.jpg,uncertain
4292.jpg,sad
4293.jpg,disgust
4294.jpg,happy
4295.jpg,fear
4296.jpg,uncertain
4297.jpg,contempt
4298.jpg,neutral
4299.jpg,surprise
43.jpg,anger
430.jpg,happy
4300.jpg,sad
4301.jpg,neutral
4302.jpg,surprise
4303.jpg,contempt
4304.jpg,fear
4305.jpg,anger
4306.jpg,sad
4307.jpg,happy
4308.jpg,fear
4309.jpg,anger
431.jpg,surprise
4310.jpg,anger
4311.jpg,anger
4312.jpg,anger
4313.jpg,neutral
4314.jpg,disgust
4315.jpg,happy
4316.jpg,sad
4317.jpg,happy
4318.jpg,neutral
4319.jpg,fear
432.jpg,uncertain
4320.jpg,anger
4321.jpg,happy
4322.jpg,happy
4323.jpg,fear
4324.jpg,happy
4325.jpg,fear
4326.jpg,sad
4327.jpg,happy
4328.jpg,anger
4329.jpg,contempt
433.jpg,neutral
4330.jpg,neutral
4331.jpg,happy
4332.jpg,happy
4333.jpg,fear
4334.jpg,surprise
4335.jpg,anger
4336.jpg,surprise
4337.jpg,surprise
4338.jpg,sad
4339.jpg,fear
434.jpg,happy
4340.jpg,fear
4341.jpg,anger
4342.jpg,happy
4343.jpg,uncertain
4344.jpg,contempt
4345.jpg,happy
4346.jpg,uncertain
4347.jpg,surprise
4348.jpg,anger
4349.jpg,surprise
435.jpg,neutral
4350.jpg,uncertain
4351.jpg,neutral
4352.jpg,neutral
4353.jpg,contempt
4354.jpg,sad
4355.jpg,neutral
4356.jpg,sad
4357.jpg,sad
4358.jpg,happy
4359.jpg,happy
436.jpg,surprise
4360.jpg,sad
4361.jpg,happy
4362.jpg,surprise
4363.jpg,surprise
4364.jpg,disgust
4365.jpg,happy
4366.jpg,neutral
4367.jpg,neutral
4368.jpg,anger
4369.jpg,happy
437.jpg,neutral
4370.jpg,uncertain
4371.jpg,fear
4372.jpg,anger
4373.jpg,contempt
4374.jpg,sad
4375.jpg,uncertain
4376.jpg,happy
4377.jpg,neutral
4378.jpg,anger
4379.jpg,anger
438.jpg,anger
4380.jpg,neutral
4381.jpg,happy
4382.jpg,surprise
4383.jpg,surprise
4384.jpg,anger
4385.jpg,happy
4386.jpg,anger
4387.jpg,anger
4388.jpg,fear
4389.jpg,sad
439.jpg,neutral
4390.jpg,contempt
4391.jpg,fear
4392.jpg,anger
4393.jpg,contempt
4394.jpg,neutral
4395.jpg,surprise
4396.jpg,surprise
4397.jpg,neutral
4398.jpg,anger
4399.jpg,sad
44.jpg,contempt
440.jpg,sad
4400.jpg,neutral
4401.jpg,happy
4402.jpg,disgust
4403.jpg,fear
4404.jpg,sad
4405.jpg,happy
4406.jpg,fear
4407.jpg,neutral
4408.jpg,surprise
4409.jpg,happy
441.jpg,uncertain
4410.jpg,anger
4411.jpg,contempt
4412.jpg,neutral
4413.jpg,fear
4414.jpg,uncertain
4415.jpg,contempt
4416.jpg,sad
4417.jpg,anger
4418.jpg,surprise
4419.jpg,happy
442.jpg,neutral
4420.jpg,uncertain
4421.jpg,uncertain
4422.jpg,uncertain
4423.jpg,neutral
4424.jpg,happy
4425.jpg,uncertain
4426.jpg,neutral
4427.jpg,sad
4428.jpg,fear
4429.jpg,neutral
443.jpg,fear
4430.jpg,anger
4431.jpg,neutral
4432.jpg,uncertain
4433.jpg,disgust
4434.jpg,disgust
4435.jpg,anger
4436.jpg,neutral
4437.jpg,uncertain
4438.jpg,neutral
4439.jpg,sad
444.jpg,fear
4440.jpg,fear
4441.jpg,anger
4442.jpg,contempt
4443.jpg,sad
4444.jpg,sad
4445.jpg,surprise
4446.jpg,neutral
4447.jpg,surprise
4448.jpg,sad
4449.jpg,disgust
445.jpg,surprise
4450.jpg,sad
4451.jpg,disgust
4452.jpg,disgust
4453.jpg,sad
4454.jpg,sad
4455.jpg,neutral
4456.jpg,surprise
4457.jpg,surprise
4458.jpg,sad
4459.jpg,happy
446.jpg,contempt
4460.jpg,sad
4461.jpg,contempt
4462.jpg,happy
4463.jpg,uncertain
4464.jpg,surprise
4465.jpg,disgust
4466.jpg,surprise
4467.jpg,uncertain
4468.jpg,happy
4469.jpg,anger
447.jpg,uncertain
4470.jpg,happy
4471.jpg,anger
4472.jpg,happy
4473.jpg,anger
4474.jpg,neutral
4475.jpg,neutral
4476.jpg,fear
4477.jpg,surprise
4478.jpg,sad
4479.jpg,surprise
448.jpg,fear
4480.jpg,sad
4481.jpg,uncertain
4482.jpg,surprise
4483.jpg,neutral
4484.jpg,neutral
4485.jpg,fear
4486.jpg,sad
4487.jpg,uncertain
4488.jpg,surprise
4489.jpg,fear
449.jpg,fear
4490.jpg,anger
4491.jpg,fear
4492.jpg,fear
4493.jpg,fear
4494.jpg,anger
4495.jpg,disgust
4496.jpg,uncertain
4497.jpg,anger
4498.jpg,sad
4499.jpg,happy
45.jpg,fear
450.jpg,uncertain
4500.jpg,sad
4501.jpg,surprise
4502.jpg,fear
4503.jpg,sad
4504.jpg,neutral
4505.jpg,disgust
4506.jpg,sad
4507.jpg,anger
4508.jpg,sad
4509.jpg,neutral
451.jpg,sad
4510.jpg,anger
4511.jpg,surprise
4512.jpg,neutral
4513.jpg,disgust
4514.jpg,neutral
4515.jpg,uncertain
4516.jpg,happy
4517.jpg,disgust
4518.jpg,neutral
4519.jpg,disgust
452.jpg,sad
4520.jpg,disgust
4521.jpg,sad
4522.jpg,neutral
4523.jpg,uncertain
4524.jpg,uncertain
4525.jpg,contempt
4526.jpg,sad
4527.jpg,neutral
4528.jpg,neutral
4529.jpg,fear
453.jpg,surprise
4530.jpg,neutral
4531.jpg,sad
4532.jpg,neutral
4533.jpg,neutral
4534.jpg,happy
4535.jpg,sad
4536.jpg,fear
4537.jpg,anger
4538.jpg,neutral
4539.jpg,anger
454.jpg,uncertain
4540.jpg,sad
4541.jpg,neutral
4542.jpg,anger
4543.jpg,sad
4544.jpg,sad
4545.jpg,contempt
4546.jpg,anger
4547.jpg,happy
4548.jpg,fear
4549.jpg,surprise
455.jpg,anger
4550.jpg,fear
4551.jpg,neutral
4552.jpg,neutral
4553.jpg,fear
4554.jpg,disgust
4555.jpg,anger
4556.jpg,neutral
4557.jpg,fear
4558.jpg,happy
4559.jpg,disgust
456.jpg,happy
4560.jpg,sad
4561.jpg,fear
4562.jpg,contempt
4563.jpg,sad
4564.jpg,surprise
4565.jpg,anger
4566.jpg,disgust
4567.jpg,fear
4568.jpg,sad
4569.jpg,fear
457.jpg,surprise
4570.jpg,sad
4571.jpg,surprise
4572.jpg,anger
4573.jpg,sad
4574.jpg,happy
4575.jpg,contempt
4576.jpg,neutral
4577.jpg,surprise
4578.jpg,sad
4579.jpg,surprise
458.jpg,sad
4580.jpg,neutral
4581.jpg,surprise
4582.jpg,uncertain
4583.jpg,surprise
4584.jpg,uncertain
4585.jpg,surprise
4586.jpg,surprise
4587.jpg,fear
4588.jpg,neutral
4589.jpg,sad
459.jpg,uncertain
4590.jpg,uncertain
4591.jpg,anger
4592.jpg,neutral
4593.jpg,fear
4594.jpg,happy
4595.jpg,surprise
4596.jpg,fear
4597.jpg,sad
4598.jpg,happy
4599.jpg,fear
46.jpg,sad
460.jpg,sad
4600.jpg,neutral
4601.jpg,anger
4602.jpg,neutral
4603.jpg,anger
4604.jpg,sad
4605.jpg,sad
4606.jpg,sad
4607.jpg,happy
4608.jpg,sad
4609.jpg,uncertain
461.jpg,anger
4610.jpg,fear
4611.jpg,uncertain
4612.jpg,happy
4613.jpg,neutral
4614.jpg,uncertain
4615.jpg,neutral
4616.jpg,disgust
4617.jpg,sad
4618.jpg,disgust
4619.jpg,surprise
462.jpg,fear
4620.jpg,sad
4621.jpg,contempt
4622.jpg,sad
4623.jpg,surprise
4624.jpg,fear
4625.jpg,sad
4626.jpg,happy
4627.jpg,uncertain
4628.jpg,surprise
4629.jpg,fear
463.jpg,sad
4630.jpg,uncertain
4631.jpg,surprise
4632.jpg,neutral
4633.jpg,anger
4634.jpg,uncertain
4635.jpg,surprise
4636.jpg,disgust
4637.jpg,surprise
4638.jpg,neutral
4639.jpg,happy
464.jpg,uncertain
4640.jpg,disgust
4641.jpg,neutral
4642.jpg,anger
4643.jpg,contempt
4644.jpg,uncertain
4645.jpg,disgust
4646.jpg,happy
4647.jpg,anger
4648.jpg,happy
4649.jpg,disgust
465.jpg,sad
4650.jpg,anger
4651.jpg,disgust
4652.jpg,surprise
4653.jpg,fear
4654.jpg,happy
4655.jpg,neutral
4656.jpg,contempt
4657.jpg,uncertain
4658.jpg,neutral
4659.jpg,neutral
466.jpg,neutral
4660.jpg,neutral
4661.jpg,fear
4662.jpg,surprise
4663.jpg,sad
4664.jpg,sad
4665.jpg,anger
4666.jpg,neutral
4667.jpg,neutral
4668.jpg,anger
4669.jpg,contempt
467.jpg,anger
4670.jpg,happy
4671.jpg,anger
4672.jpg,disgust
4673.jpg,happy
4674.jpg,neutral
4675.jpg,disgust
4676.jpg,surprise
4677.jpg,happy
4678.jpg,surprise
4679.jpg,neutral
468.jpg,happy
4680.jpg,surprise
4681.jpg,anger
4682.jpg,neutral
4683.jpg,neutral
4684.jpg,sad
4685.jpg,neutral
4686.jpg,surprise
4687.jpg,sad
4688.jpg,neutral
4689.jpg,fear
469.jpg,surprise
4690.jpg,uncertain
4691.jpg,neutral
4692.jpg,anger
4693.jpg,contempt
4694.jpg,sad
4695.jpg,contempt
4696.jpg,contempt
4697.jpg,surprise
4698.jpg,neutral
4699.jpg,happy
47.jpg,neutral
470.jpg,neutral
4700.jpg,anger
4701.jpg,surprise
4702.jpg,happy
4703.jpg,anger
4704.jpg,sad
4705.jpg,sad
4706.jpg,fear
4707.jpg,neutral
4708.jpg,contempt
4709.jpg,uncertain
471.jpg,sad
4710.jpg,neutral
4711.jpg,sad
4712.jpg,neutral
4713.jpg,anger
4714.jpg,anger
4715.jpg,surprise
4716.jpg,anger
4717.jpg,sad
4718.jpg,neutral
4719.jpg,anger
472.jpg,anger
4720.jpg,neutral
4721.jpg,disgust
4722.jpg,uncertain
4723.jpg,anger
4724.jpg,happy
4725.jpg,disgust
4726.jpg,neutral
4727.jpg,anger
4728.jpg,anger
4729.jpg,contempt
473.jpg,neutral
4730.jpg,sad
4731.jpg,uncertain
4732.jpg,contempt
4733.jpg,anger
4734.jpg,anger
4735.jpg,happy
4736.jpg,anger
4737.jpg,sad
4738.jpg,sad
4739.jpg,sad
474.jpg,sad
4740.jpg,fear
4741.jpg,surprise
4742.jpg,contempt
4743.jpg,uncertain
4744.jpg,contempt
4745.jpg,sad
4746.jpg,anger
4747.jpg,neutral
4748.jpg,sad
4749.jpg,uncertain
475.jpg,neutral
4750.jpg,surprise
4751.jpg,uncertain
4752.jpg,uncertain
4753.jpg,neutral
4754.jpg,surprise
4755.jpg,contempt
4756.jpg,sad
4757.jpg,sad
4758.jpg,neutral
4759.jpg,sad
476.jpg,sad
4760.jpg,surprise
4761.jpg,sad
4762.jpg,happy
4763.jpg,anger
4764.jpg,neutral
4765.jpg,uncertain
4766.jpg,sad
4767.jpg,happy
4768.jpg,surprise
4769.jpg,surprise
477.jpg,sad
4770.jpg,fear
4771.jpg,anger
4772.jpg,neutral
4773.jpg,surprise
4774.jpg,sad
4775.jpg,neutral
4776.jpg,uncertain
4777.jpg,disgust
4778.jpg,happy
4779.jpg,sad
478.jpg,happy
4780.jpg,sad
4781.jpg,happy
4782.jpg,fear
4783.jpg,sad
4784.jpg,neutral
4785.jpg,sad
4786.jpg,happy
4787.jpg,sad
4788.jpg,surprise
4789.jpg,anger
479.jpg,anger
4790.jpg,anger
4791.jpg,disgust
4792.jpg,surprise
4793.jpg,fear
4794.jpg,uncertain
4795.jpg,sad
4796.jpg,happy
4797.jpg,happy
4798.jpg,sad
4799.jpg,neutral
48.jpg,sad
480.jpg,surprise
4800.jpg,neutral
4801.jpg,happy
4802.jpg,neutral
4803.jpg,neutral
4804.jpg,anger
4805.jpg,happy
4806.jpg,fear
4807.jpg,anger
4808.jpg,uncertain
4809.jpg,fear
481.jpg,fear
4810.jpg,neutral
4811.jpg,sad
4812.jpg,surprise
4813.jpg,disgust
4814.jpg,sad
4815.jpg,anger
4816.jpg,sad
4817.jpg,happy
4818.jpg,sad
4819.jpg,happy
482.jpg,anger
4820.jpg,happy
4821.jpg,anger
4822.jpg,disgust
4823.jpg,anger
4824.jpg,surprise
4825.jpg,sad
4826.jpg,anger
4827.jpg,sad
4828.jpg,fear
4829.jpg,uncertain
483.jpg,sad
4830.jpg,fear
4831.jpg,sad
4832.jpg,neutral
4833.jpg,happy
4834.jpg,surprise
4835.jpg,happy
4836.jpg,uncertain
4837.jpg,happy
4838.jpg,neutral
4839.jpg,anger
484.jpg,sad
4840.jpg,neutral
4841.jpg,neutral
4842.jpg,sad
4843.jpg,sad
4844.jpg,fear
4845.jpg,happy
4846.jpg,sad
4847.jpg,sad
4848.jpg,uncertain
4849.jpg,sad
485.jpg,uncertain
4850.jpg,sad
4851.jpg,happy
4852.jpg,neutral
4853.jpg,sad
4854.jpg,sad
4855.jpg,surprise
4856.jpg,uncertain
4857.jpg,anger
4858.jpg,anger
4859.jpg,happy
486.jpg,anger
4860.jpg,surprise
4861.jpg,disgust
4862.jpg,contempt
4863.jpg,anger
4864.jpg,happy
4865.jpg,fear
4866.jpg,surprise
4867.jpg,uncertain
4868.jpg,happy
4869.jpg,sad
487.jpg,surprise
4870.jpg,neutral
4871.jpg,neutral
4872.jpg,fear
4873.jpg,anger
4874.jpg,neutral
4875.jpg,neutral
4876.jpg,neutral
4877.jpg,neutral
4878.jpg,neutral
4879.jpg,surprise
488.jpg,anger
4880.jpg,neutral
4881.jpg,anger
4882.jpg,surprise
4883.jpg,surprise
4884.jpg,sad
4885.jpg,anger
4886.jpg,neutral
4887.jpg,fear
4888.jpg,anger
4889.jpg,uncertain
489.jpg,anger
4890.jpg,anger
4891.jpg,surprise
4892.jpg,anger
4893.jpg,contempt
4894.jpg,surprise
4895.jpg,neutral
4896.jpg,sad
4897.jpg,neutral
4898.jpg,neutral
4899.jpg,neutral
49.jpg,happy
490.jpg,anger
4900.jpg,sad
4901.jpg,neutral
4902.jpg,uncertain
4903.jpg,sad
4904.jpg,uncertain
4905.jpg,anger
4906.jpg,neutral
4907.jpg,neutral
4908.jpg,sad
4909.jpg,disgust
491.jpg,fear
4910.jpg,surprise
4911.jpg,fear
4912.jpg,surprise
4913.jpg,neutral
4914.jpg,happy
4915.jpg,sad
4916.jpg,sad
4917.jpg,surprise
4918.jpg,happy
4919.jpg,anger
492.jpg,happy
4920.jpg,anger
4921.jpg,neutral
4922.jpg,uncertain
4923.jpg,surprise
4924.jpg,uncertain
4925.jpg,anger
4926.jpg,anger
4927.jpg,contempt
4928.jpg,anger
4929.jpg,uncertain
493.jpg,sad
4930.jpg,uncertain
4931.jpg,sad
4932.jpg,uncertain
4933.jpg,neutral
4934.jpg,happy
4935.jpg,surprise
4936.jpg,anger
4937.jpg,uncertain
4938.jpg,surprise
4939.jpg,neutral
494.jpg,anger
4940.jpg,surprise
4941.jpg,neutral
4942.jpg,neutral
4943.jpg,neutral
4944.jpg,surprise
4945.jpg,fear
4946.jpg,happy
4947.jpg,sad
4948.jpg,neutral
4949.jpg,fear
495.jpg,fear
4950.jpg,uncertain
4951.jpg,sad
4952.jpg,surprise
4953.jpg,surprise
4954.jpg,anger
4955.jpg,happy
4956.jpg,contempt
4957.jpg,anger
4958.jpg,neutral
4959.jpg,contempt
496.jpg,anger
4960.jpg,anger
4961.jpg,neutral
4962.jpg,surprise
4963.jpg,anger
4964.jpg,surprise
4965.jpg,anger
4966.jpg,sad
4967.jpg,fear
4968.jpg,disgust
4969.jpg,uncertain
497.jpg,anger
4970.jpg,uncertain
4971.jpg,uncertain
4972.jpg,neutral
4973.jpg,fear
4974.jpg,fear
4975.jpg,contempt
4976.jpg,happy
4977.jpg,happy
4978.jpg,surprise
4979.jpg,disgust
498.jpg,fear
4980.jpg,anger
4981.jpg,neutral
4982.jpg,uncertain
4983.jpg,surprise
4984.jpg,uncertain
4985.jpg,sad
4986.jpg,disgust
4987.jpg,anger
4988.jpg,surprise
4989.jpg,contempt
499.jpg,sad
4990.jpg,fear
4991.jpg,anger
4992.jpg,neutral
4993.jpg,sad
4994.jpg,sad
4995.jpg,surprise
4996.jpg,fear
4997.jpg,neutral
4998.jpg,sad
4999.jpg,contempt
5.jpg,sad
50.jpg,uncertain
500.jpg,happy
501.jpg,sad
502.jpg,neutral
503.jpg,neutral
504.jpg,fear
505.jpg,contempt
506.jpg,fear
507.jpg,neutral
508.jpg,fear
509.jpg,surprise
51.jpg,uncertain
510.jpg,surprise
511.jpg,surprise
512.jpg,happy
513.jpg,uncertain
514.jpg,neutral
515.jpg,disgust
516.jpg,uncertain
517.jpg,anger
518.jpg,anger
519.jpg,surprise
52.jpg,contempt
520.jpg,surprise
521.jpg,sad
522.jpg,uncertain
523.jpg,neutral
524.jpg,happy
525.jpg,anger
526.jpg,fear
527.jpg,disgust
528.jpg,sad
529.jpg,fear
53.jpg,neutral
530.jpg,neutral
531.jpg,disgust
532.jpg,disgust
533.jpg,sad
534.jpg,fear
535.jpg,uncertain
536.jpg,anger
537.jpg,sad
538.jpg,uncertain
539.jpg,disgust
54.jpg,disgust
540.jpg,disgust
541.jpg,neutral
542.jpg,fear
543.jpg,surprise
544.jpg,surprise
545.jpg,sad
546.jpg,contempt
547.jpg,surprise
548.jpg,sad
549.jpg,surprise
55.jpg,contempt
550.jpg,neutral
551.jpg,happy
552.jpg,uncertain
553.jpg,anger
554.jpg,neutral
555.jpg,uncertain
556.jpg,anger
557.jpg,uncertain
558.jpg,neutral
559.jpg,sad
56.jpg,disgust
560.jpg,fear
561.jpg,neutral
562.jpg,sad
563.jpg,happy
564.jpg,uncertain
565.jpg,neutral
566.jpg,surprise
567.jpg,happy
568.jpg,neutral
569.jpg,surprise
57.jpg,anger
570.jpg,uncertain
571.jpg,sad
572.jpg,fear
573.jpg,happy
574.jpg,anger
575.jpg,anger
576.jpg,disgust
577.jpg,surprise
578.jpg,sad
579.jpg,uncertain
58.jpg,uncertain
580.jpg,fear
581.jpg,disgust
582.jpg,disgust
583.jpg,fear
584.jpg,uncertain
585.jpg,neutral
586.jpg,sad
587.jpg,contempt
588.jpg,contempt
589.jpg,uncertain
59.jpg,anger
590.jpg,sad
591.jpg,anger
592.jpg,surprise
593.jpg,uncertain
594.jpg,disgust
595.jpg,uncertain
596.jpg,sad
597.jpg,contempt
598.jpg,disgust
599.jpg,happy
6.jpg,anger
60.jpg,happy
600.jpg,neutral
601.jpg,surprise
602.jpg,anger
603.jpg,anger
604.jpg,surprise
605.jpg,sad
606.jpg,anger
607.jpg,neutral
608.jpg,anger
609.jpg,uncertain
61.jpg,neutral
610.jpg,neutral
611.jpg,surprise
612.jpg,fear
613.jpg,contempt
614.jpg,surprise
615.jpg,contempt
616.jpg,surprise
617.jpg,sad
618.jpg,anger
619.jpg,disgust
62.jpg,surprise
620.jpg,fear
621.jpg,fear
622.jpg,uncertain
623.jpg,neutral
624.jpg,surprise
625.jpg,surprise
626.jpg,uncertain
627.jpg,surprise
628.jpg,neutral
629.jpg,anger
63.jpg,surprise
630.jpg,disgust
631.jpg,anger
632.jpg,anger
633.jpg,sad
634.jpg,happy
635.jpg,sad
636.jpg,uncertain
637.jpg,surprise
638.jpg,surprise
639.jpg,surprise
64.jpg,anger
640.jpg,sad
641.jpg,sad
642.jpg,neutral
643.jpg,happy
644.jpg,sad
645.jpg,neutral
646.jpg,neutral
647.jpg,fear
648.jpg,happy
649.jpg,surprise
65.jpg,anger
650.jpg,anger
651.jpg,fear
652.jpg,uncertain
653.jpg,anger
654.jpg,anger
655.jpg,happy
656.jpg,fear
657.jpg,fear
658.jpg,uncertain
659.jpg,disgust
66.jpg,anger
660.jpg,disgust
661.jpg,sad
662.jpg,sad
663.jpg,disgust
664.jpg,happy
665.jpg,sad
666.jpg,neutral
667.jpg,sad
668.jpg,neutral
669.jpg,anger
67.jpg,happy
670.jpg,surprise
671.jpg,neutral
672.jpg,sad
673.jpg,neutral
674.jpg,uncertain
675.jpg,sad
676.jpg,neutral
677.jpg,fear
678.jpg,surprise
679.jpg,sad
68.jpg,anger
680.jpg,contempt
681.jpg,anger
682.jpg,anger
683.jpg,disgust
684.jpg,uncertain
685.jpg,surprise
686.jpg,uncertain
687.jpg,happy
688.jpg,surprise
689.jpg,sad
69.jpg,anger
690.jpg,surprise
691.jpg,anger
692.jpg,uncertain
693.jpg,surprise
694.jpg,contempt
695.jpg,neutral
696.jpg,anger
697.jpg,fear
698.jpg,happy
699.jpg,uncertain
7.jpg,neutral
70.jpg,happy
700.jpg,sad
701.jpg,fear
702.jpg,sad
703.jpg,neutral
704.jpg,uncertain
705.jpg,uncertain
706.jpg,happy
707.jpg,neutral
708.jpg,sad
709.jpg,sad
71.jpg,anger
710.jpg,fear
711.jpg,fear
712.jpg,anger
713.jpg,neutral
714.jpg,sad
715.jpg,happy
716.jpg,sad
717.jpg,anger
718.jpg,anger
719.jpg,anger
72.jpg,anger
720.jpg,fear
721.jpg,contempt
722.jpg,neutral
723.jpg,surprise
724.jpg,contempt
725.jpg,surprise
726.jpg,contempt
727.jpg,happy
728.jpg,neutral
729.jpg,neutral
73.jpg,anger
730.jpg,uncertain
731.jpg,anger
732.jpg,surprise
733.jpg,sad
734.jpg,uncertain
735.jpg,happy
736.jpg,anger
737.jpg,contempt
738.jpg,sad
739.jpg,neutral
74.jpg,anger
740.jpg,uncertain
741.jpg,disgust
742.jpg,happy
743.jpg,fear
744.jpg,anger
745.jpg,neutral
746.jpg,uncertain
747.jpg,contempt
748.jpg,sad
749.jpg,neutral
75.jpg,happy
750.jpg,happy
751.jpg,anger
752.jpg,uncertain
753.jpg,uncertain
754.jpg,surprise
755.jpg,fear
756.jpg,happy
757.jpg,sad
758.jpg,fear
759.jpg,sad
76.jpg,fear
760.jpg,anger
761.jpg,uncertain
762.jpg,fear
763.jpg,sad
764.jpg,fear
765.jpg,happy
766.jpg,contempt
767.jpg,anger
768.jpg,neutral
769.jpg,happy
77.jpg,neutral
770.jpg,happy
771.jpg,sad
772.jpg,happy
773.jpg,anger
774.jpg,fear
775.jpg,sad
776.jpg,contempt
777.jpg,sad
778.jpg,fear
779.jpg,surprise
78.jpg,sad
780.jpg,sad
781.jpg,happy
782.jpg,surprise
783.jpg,neutral
784.jpg,surprise
785.jpg,sad
786.jpg,fear
787.jpg,disgust
788.jpg,sad
789.jpg,fear
79.jpg,anger
790.jpg,anger
791.jpg,surprise
792.jpg,sad
793.jpg,disgust
794.jpg,surprise
795.jpg,happy
796.jpg,anger
797.jpg,sad
798.jpg,surprise
799.jpg,anger
8.jpg,uncertain
80.jpg,sad
800.jpg,anger
801.jpg,fear
802.jpg,contempt
803.jpg,fear
804.jpg,happy
805.jpg,surprise
806.jpg,surprise
807.jpg,uncertain
808.jpg,uncertain
809.jpg,surprise
81.jpg,disgust
810.jpg,neutral
811.jpg,fear
812.jpg,uncertain
813.jpg,surprise
814.jpg,fear
815.jpg,neutral
816.jpg,uncertain
817.jpg,sad
818.jpg,surprise
819.jpg,happy
82.jpg,uncertain
820.jpg,uncertain
821.jpg,sad
822.jpg,neutral
823.jpg,surprise
824.jpg,neutral
825.jpg,disgust
826.jpg,happy
827.jpg,neutral
828.jpg,surprise
829.jpg,sad
83.jpg,anger
830.jpg,neutral
831.jpg,happy
832.jpg,anger
833.jpg,uncertain
834.jpg,uncertain
835.jpg,contempt
836.jpg,neutral
837.jpg,neutral
838.jpg,contempt
839.jpg,sad
84.jpg,happy
840.jpg,uncertain
841.jpg,sad
842.jpg,fear
843.jpg,neutral
844.jpg,anger
845.jpg,sad
846.jpg,happy
847.jpg,uncertain
848.jpg,anger
849.jpg,neutral
85.jpg,fear
850.jpg,fear
851.jpg,fear
852.jpg,fear
853.jpg,uncertain
854.jpg,neutral
855.jpg,sad
856.jpg,surprise
857.jpg,neutral
858.jpg,surprise
859.jpg,neutral
86.jpg,contempt
860.jpg,disgust
861.jpg,sad
862.jpg,neutral
863.jpg,anger
864.jpg,sad
865.jpg,contempt
866.jpg,happy
867.jpg,neutral
868.jpg,sad
869.jpg,uncertain
87.jpg,surprise
870.jpg,happy
871.jpg,anger
872.jpg,sad
873.jpg,surprise
874.jpg,sad
875.jpg,surprise
876.jpg,anger
877.jpg,contempt
878.jpg,fear
879.jpg,neutral
88.jpg,neutral
880.jpg,fear
881.jpg,anger
882.jpg,neutral
883.jpg,anger
884.jpg,anger
885.jpg,fear
886.jpg,surprise
887.jpg,neutral
888.jpg,anger
889.jpg,neutral
89.jpg,surprise
890.jpg,sad
891.jpg,disgust
892.jpg,uncertain
893.jpg,sad
894.jpg,uncertain
895.jpg,disgust
896.jpg,happy
897.jpg,neutral
898.jpg,sad
899.jpg,contempt
9.jpg,uncertain
90.jpg,surprise
900.jpg,sad
901.jpg,sad
902.jpg,neutral
903.jpg,surprise
904.jpg,uncertain
905.jpg,happy
906.jpg,neutral
907.jpg,fear
908.jpg,sad
909.jpg,sad
91.jpg,anger
910.jpg,anger
911.jpg,surprise
912.jpg,happy
913.jpg,sad
914.jpg,anger
915.jpg,neutral
916.jpg,sad
917.jpg,anger
918.jpg,uncertain
919.jpg,anger
92.jpg,neutral
920.jpg,sad
921.jpg,surprise
922.jpg,disgust
923.jpg,contempt
924.jpg,sad
925.jpg,neutral
926.jpg,fear
927.jpg,surprise
928.jpg,happy
929.jpg,fear
93.jpg,disgust
930.jpg,anger
931.jpg,surprise
932.jpg,anger
933.jpg,anger
934.jpg,happy
935.jpg,sad
936.jpg,fear
937.jpg,sad
938.jpg,anger
939.jpg,sad
94.jpg,neutral
940.jpg,surprise
941.jpg,happy
942.jpg,anger
943.jpg,sad
944.jpg,uncertain
945.jpg,surprise
946.jpg,sad
947.jpg,happy
948.jpg,anger
949.jpg,happy
95.jpg,fear
950.jpg,neutral
951.jpg,uncertain
952.jpg,disgust
953.jpg,surprise
954.jpg,anger
955.jpg,anger
956.jpg,surprise
957.jpg,neutral
958.jpg,anger
959.jpg,surprise
96.jpg,neutral
960.jpg,fear
961.jpg,uncertain
962.jpg,sad
963.jpg,fear
964.jpg,anger
965.jpg,uncertain
966.jpg,anger
967.jpg,fear
968.jpg,contempt
969.jpg,uncertain
97.jpg,sad
970.jpg,fear
971.jpg,fear
972.jpg,neutral
973.jpg,disgust
974.jpg,neutral
975.jpg,neutral
976.jpg,sad
977.jpg,happy
978.jpg,sad
979.jpg,sad
98.jpg,anger
980.jpg,neutral
981.jpg,sad
982.jpg,fear
983.jpg,sad
984.jpg,sad
985.jpg,happy
986.jpg,neutral
987.jpg,uncertain
988.jpg,sad
989.jpg,fear
99.jpg,anger
990.jpg,contempt
991.jpg,neutral
992.jpg,happy
993.jpg,happy
994.jpg,surprise
995.jpg,surprise
996.jpg,happy
997.jpg,anger
998.jpg,neutral
999.jpg,surprise
